, C, Si, Mn, P, S, Ni, Cr, Mo, Cu,V, Al, N,Ceq,Nb + Ta, Temperature (Â°C), 0.2% Proof Stress (MPa), Tensile Strength (MPa), Elongation (%), Reduction in Area (%)
0,0.12,0.36,0.52,0.009,0.003,0.089,0.97,0.61,0.04,0.0,0.003,0.0066,0.0,0.0,27,342,490,30,71
1,0.12,0.36,0.52,0.009,0.003,0.089,0.97,0.61,0.04,0.0,0.003,0.0066,0.0,0.0,100,338,454,27,72
2,0.12,0.36,0.52,0.009,0.003,0.089,0.97,0.61,0.04,0.0,0.003,0.0066,0.0,0.0,200,337,465,23,69
3,0.12,0.36,0.52,0.009,0.003,0.089,0.97,0.61,0.04,0.0,0.003,0.0066,0.0,0.0,300,346,495,21,70
4,0.12,0.36,0.52,0.009,0.003,0.089,0.97,0.61,0.04,0.0,0.003,0.0066,0.0,0.0,400,316,489,26,79
5,0.12,0.36,0.52,0.009,0.003,0.089,0.97,0.61,0.04,0.0,0.003,0.0066,0.0,0.0,450,287,461,25,81
6,0.12,0.36,0.52,0.009,0.003,0.089,0.97,0.61,0.04,0.0,0.003,0.0066,0.0,0.0,500,274,431,28,85
7,0.12,0.36,0.52,0.009,0.003,0.089,0.97,0.61,0.04,0.0,0.003,0.0066,0.0,0.0,550,262,387,32,87
8,0.12,0.36,0.52,0.009,0.003,0.089,0.97,0.61,0.04,0.0,0.003,0.0066,0.0,0.0,600,220,314,42,88
9,0.12,0.36,0.52,0.009,0.003,0.089,0.97,0.61,0.04,0.0,0.003,0.0066,0.0,0.0,650,152,226,59,92
10,0.09,0.37,0.49,0.006,0.005,0.055,0.98,0.57,0.07,0.0,0.005,0.008,0.0,0.0,27,310,463,34,76
11,0.09,0.37,0.49,0.006,0.005,0.055,0.98,0.57,0.07,0.0,0.005,0.008,0.0,0.0,100,285,427,31,79
12,0.09,0.37,0.49,0.006,0.005,0.055,0.98,0.57,0.07,0.0,0.005,0.008,0.0,0.0,200,296,439,25,77
13,0.09,0.37,0.49,0.006,0.005,0.055,0.98,0.57,0.07,0.0,0.005,0.008,0.0,0.0,300,265,471,24,76
14,0.09,0.37,0.49,0.006,0.005,0.055,0.98,0.57,0.07,0.0,0.005,0.008,0.0,0.0,400,257,472,28,78
15,0.09,0.37,0.49,0.006,0.005,0.055,0.98,0.57,0.07,0.0,0.005,0.008,0.0,0.0,450,240,451,26,80
16,0.09,0.37,0.49,0.006,0.005,0.055,0.98,0.57,0.07,0.0,0.005,0.008,0.0,0.0,500,232,423,28,84
17,0.09,0.37,0.49,0.006,0.005,0.055,0.98,0.57,0.07,0.0,0.005,0.008,0.0,0.0,550,207,367,34,86
18,0.09,0.37,0.49,0.006,0.005,0.055,0.98,0.57,0.07,0.0,0.005,0.008,0.0,0.0,600,176,297,44,89
19,0.09,0.37,0.49,0.006,0.005,0.055,0.98,0.57,0.07,0.0,0.005,0.008,0.0,0.0,650,132,205,67,92
20,0.1,0.28,0.49,0.008,0.009,0.028,0.9,0.56,0.08,0.0,0.006,0.009,0.0,0.0,27,306,463,32,78
21,0.1,0.28,0.49,0.008,0.009,0.028,0.9,0.56,0.08,0.0,0.006,0.009,0.0,0.0,100,258,432,26,76
22,0.1,0.28,0.49,0.008,0.009,0.028,0.9,0.56,0.08,0.0,0.006,0.009,0.0,0.0,200,303,459,22,73
23,0.1,0.28,0.49,0.008,0.009,0.028,0.9,0.56,0.08,0.0,0.006,0.009,0.0,0.0,300,275,473,23,69
24,0.1,0.28,0.49,0.008,0.009,0.028,0.9,0.56,0.08,0.0,0.006,0.009,0.0,0.0,400,264,464,25,75
25,0.1,0.28,0.49,0.008,0.009,0.028,0.9,0.56,0.08,0.0,0.006,0.009,0.0,0.0,450,252,451,23,78
26,0.1,0.28,0.49,0.008,0.009,0.028,0.9,0.56,0.08,0.0,0.006,0.009,0.0,0.0,500,237,424,24,81
27,0.1,0.28,0.49,0.008,0.009,0.028,0.9,0.56,0.08,0.0,0.006,0.009,0.0,0.0,550,228,378,28,84
28,0.1,0.28,0.49,0.008,0.009,0.028,0.9,0.56,0.08,0.0,0.006,0.009,0.0,0.0,600,212,297,37,88
29,0.1,0.28,0.49,0.008,0.009,0.028,0.9,0.56,0.08,0.0,0.006,0.009,0.0,0.0,650,143,221,60,91
30,0.12,0.43,0.48,0.014,0.008,0.051,0.96,0.56,0.08,0.0,0.006,0.008,0.0,0.0,27,343,502,32,76
31,0.12,0.43,0.48,0.014,0.008,0.051,0.96,0.56,0.08,0.0,0.006,0.008,0.0,0.0,100,326,467,28,76
32,0.12,0.43,0.48,0.014,0.008,0.051,0.96,0.56,0.08,0.0,0.006,0.008,0.0,0.0,200,329,482,23,73
33,0.12,0.43,0.48,0.014,0.008,0.051,0.96,0.56,0.08,0.0,0.006,0.008,0.0,0.0,300,277,505,22,67
34,0.12,0.43,0.48,0.014,0.008,0.051,0.96,0.56,0.08,0.0,0.006,0.008,0.0,0.0,400,249,493,27,76
35,0.12,0.43,0.48,0.014,0.008,0.051,0.96,0.56,0.08,0.0,0.006,0.008,0.0,0.0,450,253,475,24,77
36,0.12,0.43,0.48,0.014,0.008,0.051,0.96,0.56,0.08,0.0,0.006,0.008,0.0,0.0,500,255,434,24,81
37,0.12,0.43,0.48,0.014,0.008,0.051,0.96,0.56,0.08,0.0,0.006,0.008,0.0,0.0,550,229,383,29,86
38,0.12,0.43,0.48,0.014,0.008,0.051,0.96,0.56,0.08,0.0,0.006,0.008,0.0,0.0,600,202,301,36,89
39,0.12,0.43,0.48,0.014,0.008,0.051,0.96,0.56,0.08,0.0,0.006,0.008,0.0,0.0,650,143,221,51,91
40,0.12,0.28,0.44,0.018,0.008,0.03,0.99,0.54,0.08,0.0,0.007,0.01,0.0,0.0,27,339,493,33,77
41,0.12,0.28,0.44,0.018,0.008,0.03,0.99,0.54,0.08,0.0,0.007,0.01,0.0,0.0,100,329,464,28,76
42,0.12,0.28,0.44,0.018,0.008,0.03,0.99,0.54,0.08,0.0,0.007,0.01,0.0,0.0,200,315,475,23,72
43,0.12,0.28,0.44,0.018,0.008,0.03,0.99,0.54,0.08,0.0,0.007,0.01,0.0,0.0,300,270,497,22,69
44,0.12,0.28,0.44,0.018,0.008,0.03,0.99,0.54,0.08,0.0,0.007,0.01,0.0,0.0,400,257,482,24,73
45,0.12,0.28,0.44,0.018,0.008,0.03,0.99,0.54,0.08,0.0,0.007,0.01,0.0,0.0,450,256,465,25,77
46,0.12,0.28,0.44,0.018,0.008,0.03,0.99,0.54,0.08,0.0,0.007,0.01,0.0,0.0,500,256,442,25,82
47,0.12,0.28,0.44,0.018,0.008,0.03,0.99,0.54,0.08,0.0,0.007,0.01,0.0,0.0,550,238,389,30,85
48,0.12,0.28,0.44,0.018,0.008,0.03,0.99,0.54,0.08,0.0,0.007,0.01,0.0,0.0,600,213,308,37,89
49,0.12,0.28,0.44,0.018,0.008,0.03,0.99,0.54,0.08,0.0,0.007,0.01,0.0,0.0,650,146,226,57,92
50,0.12,0.37,0.45,0.018,0.008,0.035,1.0,0.5,0.06,0.0,0.009,0.0088,0.0,0.0,27,251,456,32,73
51,0.12,0.37,0.45,0.018,0.008,0.035,1.0,0.5,0.06,0.0,0.009,0.0088,0.0,0.0,100,240,420,30,73
52,0.12,0.37,0.45,0.018,0.008,0.035,1.0,0.5,0.06,0.0,0.009,0.0088,0.0,0.0,200,261,449,24,71
53,0.12,0.37,0.45,0.018,0.008,0.035,1.0,0.5,0.06,0.0,0.009,0.0088,0.0,0.0,300,203,479,23,69
54,0.12,0.37,0.45,0.018,0.008,0.035,1.0,0.5,0.06,0.0,0.009,0.0088,0.0,0.0,400,192,482,27,76
55,0.12,0.37,0.45,0.018,0.008,0.035,1.0,0.5,0.06,0.0,0.009,0.0088,0.0,0.0,450,186,471,26,78
56,0.12,0.37,0.45,0.018,0.008,0.035,1.0,0.5,0.06,0.0,0.009,0.0088,0.0,0.0,500,192,435,25,83
57,0.12,0.37,0.45,0.018,0.008,0.035,1.0,0.5,0.06,0.0,0.009,0.0088,0.0,0.0,550,177,375,30,85
58,0.12,0.37,0.45,0.018,0.008,0.035,1.0,0.5,0.06,0.0,0.009,0.0088,0.0,0.0,600,170,304,38,89
59,0.12,0.37,0.45,0.018,0.008,0.035,1.0,0.5,0.06,0.0,0.009,0.0088,0.0,0.0,650,122,211,51,92
60,0.12,0.36,0.45,0.018,0.007,0.028,1.0,0.53,0.05,0.0,0.007,0.008,0.0,0.0,27,239,453,35,72
61,0.12,0.36,0.45,0.018,0.007,0.028,1.0,0.53,0.05,0.0,0.007,0.008,0.0,0.0,100,229,419,27,72
62,0.12,0.36,0.45,0.018,0.007,0.028,1.0,0.53,0.05,0.0,0.007,0.008,0.0,0.0,200,244,449,23,70
63,0.12,0.36,0.45,0.018,0.007,0.028,1.0,0.53,0.05,0.0,0.007,0.008,0.0,0.0,300,210,485,23,69
64,0.12,0.36,0.45,0.018,0.007,0.028,1.0,0.53,0.05,0.0,0.007,0.008,0.0,0.0,400,174,474,27,74
65,0.12,0.36,0.45,0.018,0.007,0.028,1.0,0.53,0.05,0.0,0.007,0.008,0.0,0.0,450,194,468,28,77
66,0.12,0.36,0.45,0.018,0.007,0.028,1.0,0.53,0.05,0.0,0.007,0.008,0.0,0.0,500,181,434,26,82
67,0.12,0.36,0.45,0.018,0.007,0.028,1.0,0.53,0.05,0.0,0.007,0.008,0.0,0.0,550,175,380,30,85
68,0.12,0.36,0.45,0.018,0.007,0.028,1.0,0.53,0.05,0.0,0.007,0.008,0.0,0.0,600,170,296,38,89
69,0.12,0.36,0.45,0.018,0.007,0.028,1.0,0.53,0.05,0.0,0.007,0.008,0.0,0.0,650,124,214,54,93
70,0.1,0.35,0.44,0.02,0.007,0.05,1.01,0.51,0.08,0.0,0.012,0.0082,0.0,0.0,27,241,431,36,76
71,0.1,0.35,0.44,0.02,0.007,0.05,1.01,0.51,0.08,0.0,0.012,0.0082,0.0,0.0,100,237,406,31,77
72,0.1,0.35,0.44,0.02,0.007,0.05,1.01,0.51,0.08,0.0,0.012,0.0082,0.0,0.0,200,243,431,24,72
73,0.1,0.35,0.44,0.02,0.007,0.05,1.01,0.51,0.08,0.0,0.012,0.0082,0.0,0.0,300,188,459,22,71
74,0.1,0.35,0.44,0.02,0.007,0.05,1.01,0.51,0.08,0.0,0.012,0.0082,0.0,0.0,400,168,454,27,77
75,0.1,0.35,0.44,0.02,0.007,0.05,1.01,0.51,0.08,0.0,0.012,0.0082,0.0,0.0,450,176,444,26,76
76,0.1,0.35,0.44,0.02,0.007,0.05,1.01,0.51,0.08,0.0,0.012,0.0082,0.0,0.0,500,160,417,28,81
77,0.1,0.35,0.44,0.02,0.007,0.05,1.01,0.51,0.08,0.0,0.012,0.0082,0.0,0.0,550,172,376,32,85
78,0.1,0.35,0.44,0.02,0.007,0.05,1.01,0.51,0.08,0.0,0.012,0.0082,0.0,0.0,600,161,293,38,88
79,0.1,0.35,0.44,0.02,0.007,0.05,1.01,0.51,0.08,0.0,0.012,0.0082,0.0,0.0,650,114,199,54,94
80,0.09,0.32,0.48,0.02,0.017,0.023,1.05,0.52,0.04,0.0,0.009,0.0089,0.0,0.0,27,313,464,29,70
81,0.09,0.32,0.48,0.02,0.017,0.023,1.05,0.52,0.04,0.0,0.009,0.0089,0.0,0.0,100,301,421,23,70
82,0.09,0.32,0.48,0.02,0.017,0.023,1.05,0.52,0.04,0.0,0.009,0.0089,0.0,0.0,200,324,459,22,67
83,0.09,0.32,0.48,0.02,0.017,0.023,1.05,0.52,0.04,0.0,0.009,0.0089,0.0,0.0,300,303,479,21,65
84,0.09,0.32,0.48,0.02,0.017,0.023,1.05,0.52,0.04,0.0,0.009,0.0089,0.0,0.0,400,279,482,24,71
85,0.09,0.32,0.48,0.02,0.017,0.023,1.05,0.52,0.04,0.0,0.009,0.0089,0.0,0.0,450,277,473,24,73
86,0.09,0.32,0.48,0.02,0.017,0.023,1.05,0.52,0.04,0.0,0.009,0.0089,0.0,0.0,500,262,449,24,76
87,0.09,0.32,0.48,0.02,0.017,0.023,1.05,0.52,0.04,0.0,0.009,0.0089,0.0,0.0,550,251,395,27,82
88,0.09,0.32,0.48,0.02,0.017,0.023,1.05,0.52,0.04,0.0,0.009,0.0089,0.0,0.0,600,220,317,33,84
89,0.09,0.32,0.48,0.02,0.017,0.023,1.05,0.52,0.04,0.0,0.009,0.0089,0.0,0.0,650,137,213,78,90
90,0.1,0.31,0.51,0.022,0.017,0.02,1.03,0.53,0.04,0.0,0.009,0.0076,0.0,0.0,27,291,462,30,71
91,0.1,0.31,0.51,0.022,0.017,0.02,1.03,0.53,0.04,0.0,0.009,0.0076,0.0,0.0,100,315,418,25,70
92,0.1,0.31,0.51,0.022,0.017,0.02,1.03,0.53,0.04,0.0,0.009,0.0076,0.0,0.0,200,316,457,20,66
93,0.1,0.31,0.51,0.022,0.017,0.02,1.03,0.53,0.04,0.0,0.009,0.0076,0.0,0.0,300,288,479,22,63
94,0.1,0.31,0.51,0.022,0.017,0.02,1.03,0.53,0.04,0.0,0.009,0.0076,0.0,0.0,400,270,482,24,71
95,0.1,0.31,0.51,0.022,0.017,0.02,1.03,0.53,0.04,0.0,0.009,0.0076,0.0,0.0,450,272,479,23,73
96,0.1,0.31,0.51,0.022,0.017,0.02,1.03,0.53,0.04,0.0,0.009,0.0076,0.0,0.0,500,256,441,23,77
97,0.1,0.31,0.51,0.022,0.017,0.02,1.03,0.53,0.04,0.0,0.009,0.0076,0.0,0.0,550,240,393,26,81
98,0.1,0.31,0.51,0.022,0.017,0.02,1.03,0.53,0.04,0.0,0.009,0.0076,0.0,0.0,600,218,299,42,87
99,0.1,0.31,0.51,0.022,0.017,0.02,1.03,0.53,0.04,0.0,0.009,0.0076,0.0,0.0,650,136,217,52,90
100,0.1,0.3,0.49,0.02,0.018,0.023,1.04,0.5,0.04,0.0,0.009,0.0089,0.0,0.0,27,312,452,30,71
101,0.1,0.3,0.49,0.02,0.018,0.023,1.04,0.5,0.04,0.0,0.009,0.0089,0.0,0.0,100,304,420,25,73
102,0.1,0.3,0.49,0.02,0.018,0.023,1.04,0.5,0.04,0.0,0.009,0.0089,0.0,0.0,200,311,454,22,64
103,0.1,0.3,0.49,0.02,0.018,0.023,1.04,0.5,0.04,0.0,0.009,0.0089,0.0,0.0,300,242,529,20,65
104,0.1,0.3,0.49,0.02,0.018,0.023,1.04,0.5,0.04,0.0,0.009,0.0089,0.0,0.0,400,291,483,23,72
105,0.1,0.3,0.49,0.02,0.018,0.023,1.04,0.5,0.04,0.0,0.009,0.0089,0.0,0.0,450,280,479,23,72
106,0.1,0.3,0.49,0.02,0.018,0.023,1.04,0.5,0.04,0.0,0.009,0.0089,0.0,0.0,500,260,448,24,77
107,0.1,0.3,0.49,0.02,0.018,0.023,1.04,0.5,0.04,0.0,0.009,0.0089,0.0,0.0,550,240,383,28,82
108,0.1,0.3,0.49,0.02,0.018,0.023,1.04,0.5,0.04,0.0,0.009,0.0089,0.0,0.0,600,215,304,34,86
109,0.1,0.3,0.49,0.02,0.018,0.023,1.04,0.5,0.04,0.0,0.009,0.0089,0.0,0.0,650,150,220,46,90
110,0.2,0.31,0.59,0.018,0.009,0.0,0.046,0.011,0.05,0.0,0.006,0.0056,0.0,0.0,27,280,480,31,64
111,0.2,0.31,0.59,0.018,0.009,0.0,0.046,0.011,0.05,0.0,0.006,0.0056,0.0,0.0,100,270,471,21,57
112,0.2,0.31,0.59,0.018,0.009,0.0,0.046,0.011,0.05,0.0,0.006,0.0056,0.0,0.0,200,272,591,19,48
113,0.2,0.31,0.59,0.018,0.009,0.0,0.046,0.011,0.05,0.0,0.006,0.0056,0.0,0.0,300,197,553,29,57
114,0.2,0.31,0.59,0.018,0.009,0.0,0.046,0.011,0.05,0.0,0.006,0.0056,0.0,0.0,350,185,509,34,66
115,0.2,0.31,0.59,0.018,0.009,0.0,0.046,0.011,0.05,0.0,0.006,0.0056,0.0,0.0,400,177,444,34,69
116,0.2,0.31,0.59,0.018,0.009,0.0,0.046,0.011,0.05,0.0,0.006,0.0056,0.0,0.0,450,176,373,37,75
117,0.2,0.31,0.59,0.018,0.009,0.0,0.046,0.011,0.05,0.0,0.006,0.0056,0.0,0.0,500,156,306,45,82
118,0.2,0.31,0.59,0.018,0.009,0.0,0.046,0.011,0.05,0.0,0.006,0.0056,0.0,0.0,550,131,234,61,90
119,0.2,0.28,0.6,0.018,0.008,0.0,0.045,0.01,0.05,0.0,0.005,0.0066,0.0,0.0,27,290,470,32,65
120,0.2,0.28,0.6,0.018,0.008,0.0,0.045,0.01,0.05,0.0,0.005,0.0066,0.0,0.0,100,278,456,22,60
121,0.2,0.28,0.6,0.018,0.008,0.0,0.045,0.01,0.05,0.0,0.005,0.0066,0.0,0.0,200,277,572,19,48
122,0.2,0.28,0.6,0.018,0.008,0.0,0.045,0.01,0.05,0.0,0.005,0.0066,0.0,0.0,300,187,540,30,58
123,0.2,0.28,0.6,0.018,0.008,0.0,0.045,0.01,0.05,0.0,0.005,0.0066,0.0,0.0,350,188,500,32,65
124,0.2,0.28,0.6,0.018,0.008,0.0,0.045,0.01,0.05,0.0,0.005,0.0066,0.0,0.0,400,166,431,37,67
125,0.2,0.28,0.6,0.018,0.008,0.0,0.045,0.01,0.05,0.0,0.005,0.0066,0.0,0.0,450,171,371,36,76
126,0.2,0.28,0.6,0.018,0.008,0.0,0.045,0.01,0.05,0.0,0.005,0.0066,0.0,0.0,500,152,302,40,83
127,0.2,0.28,0.6,0.018,0.008,0.0,0.045,0.01,0.05,0.0,0.005,0.0066,0.0,0.0,550,127,229,44,88
128,0.2,0.29,0.55,0.021,0.009,0.0,0.054,0.012,0.05,0.0,0.004,0.0058,0.0,0.0,27,285,470,31,62
129,0.2,0.29,0.55,0.021,0.009,0.0,0.054,0.012,0.05,0.0,0.004,0.0058,0.0,0.0,100,271,453,22,60
130,0.2,0.29,0.55,0.021,0.009,0.0,0.054,0.012,0.05,0.0,0.004,0.0058,0.0,0.0,200,267,564,18,48
131,0.2,0.29,0.55,0.021,0.009,0.0,0.054,0.012,0.05,0.0,0.004,0.0058,0.0,0.0,300,187,546,30,56
132,0.2,0.29,0.55,0.021,0.009,0.0,0.054,0.012,0.05,0.0,0.004,0.0058,0.0,0.0,350,184,485,35,66
133,0.2,0.29,0.55,0.021,0.009,0.0,0.054,0.012,0.05,0.0,0.004,0.0058,0.0,0.0,400,172,427,35,70
134,0.2,0.29,0.55,0.021,0.009,0.0,0.054,0.012,0.05,0.0,0.004,0.0058,0.0,0.0,450,179,372,36,78
135,0.2,0.29,0.55,0.021,0.009,0.0,0.054,0.012,0.05,0.0,0.004,0.0058,0.0,0.0,500,165,309,41,83
136,0.2,0.29,0.55,0.021,0.009,0.0,0.054,0.012,0.05,0.0,0.004,0.0058,0.0,0.0,550,135,237,60,89
137,0.21,0.21,0.62,0.014,0.014,0.0,0.046,0.019,0.05,0.0,0.008,0.003,0.0,0.0,27,315,500,30,64
138,0.21,0.21,0.62,0.014,0.014,0.0,0.046,0.019,0.05,0.0,0.008,0.003,0.0,0.0,100,276,456,23,63
139,0.21,0.21,0.62,0.014,0.014,0.0,0.046,0.019,0.05,0.0,0.008,0.003,0.0,0.0,200,280,540,18,52
140,0.21,0.21,0.62,0.014,0.014,0.0,0.046,0.019,0.05,0.0,0.008,0.003,0.0,0.0,300,202,534,27,57
141,0.21,0.21,0.62,0.014,0.014,0.0,0.046,0.019,0.05,0.0,0.008,0.003,0.0,0.0,350,197,495,32,65
142,0.21,0.21,0.62,0.014,0.014,0.0,0.046,0.019,0.05,0.0,0.008,0.003,0.0,0.0,400,198,443,32,69
143,0.21,0.21,0.62,0.014,0.014,0.0,0.046,0.019,0.05,0.0,0.008,0.003,0.0,0.0,450,172,379,38,74
144,0.21,0.21,0.62,0.014,0.014,0.0,0.046,0.019,0.05,0.0,0.008,0.003,0.0,0.0,500,173,319,38,78
145,0.21,0.21,0.62,0.014,0.014,0.0,0.046,0.019,0.05,0.0,0.008,0.003,0.0,0.0,550,139,254,40,83
146,0.24,0.24,0.64,0.015,0.013,0.0,0.074,0.019,0.05,0.0,0.011,0.006,0.0,0.0,27,300,480,31,63
147,0.24,0.24,0.64,0.015,0.013,0.0,0.074,0.019,0.05,0.0,0.011,0.006,0.0,0.0,100,291,471,24,63
148,0.24,0.24,0.64,0.015,0.013,0.0,0.074,0.019,0.05,0.0,0.011,0.006,0.0,0.0,200,293,534,19,53
149,0.24,0.24,0.64,0.015,0.013,0.0,0.074,0.019,0.05,0.0,0.011,0.006,0.0,0.0,300,231,552,29,59
150,0.24,0.24,0.64,0.015,0.013,0.0,0.074,0.019,0.05,0.0,0.011,0.006,0.0,0.0,350,231,506,34,67
151,0.24,0.24,0.64,0.015,0.013,0.0,0.074,0.019,0.05,0.0,0.011,0.006,0.0,0.0,400,230,467,32,70
152,0.24,0.24,0.64,0.015,0.013,0.0,0.074,0.019,0.05,0.0,0.011,0.006,0.0,0.0,450,206,386,36,74
153,0.24,0.24,0.64,0.015,0.013,0.0,0.074,0.019,0.05,0.0,0.011,0.006,0.0,0.0,500,199,335,38,79
154,0.24,0.24,0.64,0.015,0.013,0.0,0.074,0.019,0.05,0.0,0.011,0.006,0.0,0.0,550,149,258,49,83
155,0.2,0.2,0.47,0.007,0.009,0.0,0.056,0.01,0.07,0.0,0.005,0.011,0.0,0.0,27,290,480,32,64
156,0.2,0.2,0.47,0.007,0.009,0.0,0.056,0.01,0.07,0.0,0.005,0.011,0.0,0.0,100,297,510,19,51
157,0.2,0.2,0.47,0.007,0.009,0.0,0.056,0.01,0.07,0.0,0.005,0.011,0.0,0.0,200,291,650,22,43
158,0.2,0.2,0.47,0.007,0.009,0.0,0.056,0.01,0.07,0.0,0.005,0.011,0.0,0.0,300,189,572,33,58
159,0.2,0.2,0.47,0.007,0.009,0.0,0.056,0.01,0.07,0.0,0.005,0.011,0.0,0.0,350,187,497,35,61
160,0.2,0.2,0.47,0.007,0.009,0.0,0.056,0.01,0.07,0.0,0.005,0.011,0.0,0.0,400,193,426,40,68
161,0.2,0.2,0.47,0.007,0.009,0.0,0.056,0.01,0.07,0.0,0.005,0.011,0.0,0.0,450,181,368,36,67
162,0.2,0.2,0.47,0.007,0.009,0.0,0.056,0.01,0.07,0.0,0.005,0.011,0.0,0.0,500,164,273,35,68
163,0.2,0.2,0.47,0.007,0.009,0.0,0.056,0.01,0.07,0.0,0.005,0.011,0.0,0.0,550,114,231,44,76
164,0.21,0.32,0.48,0.02,0.018,0.0,0.017,0.006,0.08,0.0,0.004,0.0044,0.0,0.0,27,275,460,33,64
165,0.21,0.32,0.48,0.02,0.018,0.0,0.017,0.006,0.08,0.0,0.004,0.0044,0.0,0.0,100,260,439,25,62
166,0.21,0.32,0.48,0.02,0.018,0.0,0.017,0.006,0.08,0.0,0.004,0.0044,0.0,0.0,200,260,519,19,54
167,0.21,0.32,0.48,0.02,0.018,0.0,0.017,0.006,0.08,0.0,0.004,0.0044,0.0,0.0,300,197,512,30,58
168,0.21,0.32,0.48,0.02,0.018,0.0,0.017,0.006,0.08,0.0,0.004,0.0044,0.0,0.0,350,188,469,32,67
169,0.21,0.32,0.48,0.02,0.018,0.0,0.017,0.006,0.08,0.0,0.004,0.0044,0.0,0.0,400,190,404,37,73
170,0.21,0.32,0.48,0.02,0.018,0.0,0.017,0.006,0.08,0.0,0.004,0.0044,0.0,0.0,450,187,356,45,84
171,0.21,0.32,0.48,0.02,0.018,0.0,0.017,0.006,0.08,0.0,0.004,0.0044,0.0,0.0,500,154,275,48,83
172,0.21,0.32,0.48,0.02,0.018,0.0,0.017,0.006,0.08,0.0,0.004,0.0044,0.0,0.0,550,137,227,50,88
173,0.2,0.31,0.5,0.022,0.017,0.0,0.017,0.006,0.09,0.0,0.004,0.0037,0.0,0.0,27,270,460,32,65
174,0.2,0.31,0.5,0.022,0.017,0.0,0.017,0.006,0.09,0.0,0.004,0.0037,0.0,0.0,100,244,434,24,63
175,0.2,0.31,0.5,0.022,0.017,0.0,0.017,0.006,0.09,0.0,0.004,0.0037,0.0,0.0,200,240,517,19,54
176,0.2,0.31,0.5,0.022,0.017,0.0,0.017,0.006,0.09,0.0,0.004,0.0037,0.0,0.0,300,202,509,30,60
177,0.2,0.31,0.5,0.022,0.017,0.0,0.017,0.006,0.09,0.0,0.004,0.0037,0.0,0.0,350,195,472,37,65
178,0.2,0.31,0.5,0.022,0.017,0.0,0.017,0.006,0.09,0.0,0.004,0.0037,0.0,0.0,400,197,413,36,72
179,0.2,0.31,0.5,0.022,0.017,0.0,0.017,0.006,0.09,0.0,0.004,0.0037,0.0,0.0,450,178,349,41,77
180,0.2,0.31,0.5,0.022,0.017,0.0,0.017,0.006,0.09,0.0,0.004,0.0037,0.0,0.0,500,160,276,42,84
181,0.2,0.31,0.5,0.022,0.017,0.0,0.017,0.006,0.09,0.0,0.004,0.0037,0.0,0.0,550,137,209,57,90
182,0.23,0.32,0.53,0.023,0.016,0.0,0.022,0.005,0.07,0.0,0.005,0.0051,0.0,0.0,27,285,470,34,66
183,0.23,0.32,0.53,0.023,0.016,0.0,0.022,0.005,0.07,0.0,0.005,0.0051,0.0,0.0,100,267,446,25,64
184,0.23,0.32,0.53,0.023,0.016,0.0,0.022,0.005,0.07,0.0,0.005,0.0051,0.0,0.0,200,251,502,20,56
185,0.23,0.32,0.53,0.023,0.016,0.0,0.022,0.005,0.07,0.0,0.005,0.0051,0.0,0.0,300,183,561,31,58
186,0.23,0.32,0.53,0.023,0.016,0.0,0.022,0.005,0.07,0.0,0.005,0.0051,0.0,0.0,350,190,471,35,65
187,0.23,0.32,0.53,0.023,0.016,0.0,0.022,0.005,0.07,0.0,0.005,0.0051,0.0,0.0,400,200,417,42,73
188,0.23,0.32,0.53,0.023,0.016,0.0,0.022,0.005,0.07,0.0,0.005,0.0051,0.0,0.0,450,202,343,40,77
189,0.23,0.32,0.53,0.023,0.016,0.0,0.022,0.005,0.07,0.0,0.005,0.0051,0.0,0.0,500,171,286,48,81
190,0.23,0.32,0.53,0.023,0.016,0.0,0.022,0.005,0.07,0.0,0.005,0.0051,0.0,0.0,550,125,219,58,87
191,0.11,0.3,0.48,0.012,0.01,0.0,0.0,0.51,0.0,0.0,0.005,0.0078,0.0,0.0,27,265,450,35,70
192,0.11,0.3,0.48,0.012,0.01,0.0,0.0,0.51,0.0,0.0,0.005,0.0078,0.0,0.0,100,260,442,26,67
193,0.11,0.3,0.48,0.012,0.01,0.0,0.0,0.51,0.0,0.0,0.005,0.0078,0.0,0.0,200,247,566,20,55
194,0.11,0.3,0.48,0.012,0.01,0.0,0.0,0.51,0.0,0.0,0.005,0.0078,0.0,0.0,300,198,560,27,59
195,0.11,0.3,0.48,0.012,0.01,0.0,0.0,0.51,0.0,0.0,0.005,0.0078,0.0,0.0,400,195,493,30,74
196,0.11,0.3,0.48,0.012,0.01,0.0,0.0,0.51,0.0,0.0,0.005,0.0078,0.0,0.0,450,181,447,28,78
197,0.11,0.3,0.48,0.012,0.01,0.0,0.0,0.51,0.0,0.0,0.005,0.0078,0.0,0.0,500,186,406,27,82
198,0.11,0.3,0.48,0.012,0.01,0.0,0.0,0.51,0.0,0.0,0.005,0.0078,0.0,0.0,550,183,363,32,83
199,0.11,0.3,0.48,0.012,0.01,0.0,0.0,0.51,0.0,0.0,0.005,0.0078,0.0,0.0,600,174,281,46,87
200,0.12,0.25,0.5,0.012,0.01,0.0,0.0,0.5,0.0,0.0,0.005,0.0068,0.0,0.0,27,270,460,34,69
201,0.12,0.25,0.5,0.012,0.01,0.0,0.0,0.5,0.0,0.0,0.005,0.0068,0.0,0.0,100,260,450,25,65
202,0.12,0.25,0.5,0.012,0.01,0.0,0.0,0.5,0.0,0.0,0.005,0.0068,0.0,0.0,200,260,575,21,52
203,0.12,0.25,0.5,0.012,0.01,0.0,0.0,0.5,0.0,0.0,0.005,0.0068,0.0,0.0,300,185,574,29,35
204,0.12,0.25,0.5,0.012,0.01,0.0,0.0,0.5,0.0,0.0,0.005,0.0068,0.0,0.0,400,204,484,31,73
205,0.12,0.25,0.5,0.012,0.01,0.0,0.0,0.5,0.0,0.0,0.005,0.0068,0.0,0.0,450,222,438,28,78
206,0.12,0.25,0.5,0.012,0.01,0.0,0.0,0.5,0.0,0.0,0.005,0.0068,0.0,0.0,500,210,400,29,83
207,0.12,0.25,0.5,0.012,0.01,0.0,0.0,0.5,0.0,0.0,0.005,0.0068,0.0,0.0,550,185,349,30,85
208,0.12,0.25,0.5,0.012,0.01,0.0,0.0,0.5,0.0,0.0,0.005,0.0068,0.0,0.0,600,163,272,48,89
209,0.13,0.31,0.48,0.006,0.007,0.0,0.0,0.49,0.0,0.0,0.005,0.006,0.0,0.0,27,260,450,35,72
210,0.13,0.31,0.48,0.006,0.007,0.0,0.0,0.49,0.0,0.0,0.005,0.006,0.0,0.0,100,248,439,24,66
211,0.13,0.31,0.48,0.006,0.007,0.0,0.0,0.49,0.0,0.0,0.005,0.006,0.0,0.0,200,254,559,21,55
212,0.13,0.31,0.48,0.006,0.007,0.0,0.0,0.49,0.0,0.0,0.005,0.006,0.0,0.0,300,177,571,28,58
213,0.13,0.31,0.48,0.006,0.007,0.0,0.0,0.49,0.0,0.0,0.005,0.006,0.0,0.0,400,173,488,30,73
214,0.13,0.31,0.48,0.006,0.007,0.0,0.0,0.49,0.0,0.0,0.005,0.006,0.0,0.0,450,189,451,28,78
215,0.13,0.31,0.48,0.006,0.007,0.0,0.0,0.49,0.0,0.0,0.005,0.006,0.0,0.0,500,194,420,28,82
216,0.13,0.31,0.48,0.006,0.007,0.0,0.0,0.49,0.0,0.0,0.005,0.006,0.0,0.0,550,193,353,32,84
217,0.13,0.31,0.48,0.006,0.007,0.0,0.0,0.49,0.0,0.0,0.005,0.006,0.0,0.0,600,174,291,36,86
218,0.15,0.22,0.43,0.011,0.022,0.01,0.02,0.5,0.03,0.0,0.004,0.004,0.0,0.0,27,280,430,36,71
219,0.15,0.22,0.43,0.011,0.022,0.01,0.02,0.5,0.03,0.0,0.004,0.004,0.0,0.0,100,260,417,23,67
220,0.15,0.22,0.43,0.011,0.022,0.01,0.02,0.5,0.03,0.0,0.004,0.004,0.0,0.0,200,273,533,20,61
221,0.15,0.22,0.43,0.011,0.022,0.01,0.02,0.5,0.03,0.0,0.004,0.004,0.0,0.0,300,178,524,28,36
222,0.15,0.22,0.43,0.011,0.022,0.01,0.02,0.5,0.03,0.0,0.004,0.004,0.0,0.0,400,181,428,31,68
223,0.15,0.22,0.43,0.011,0.022,0.01,0.02,0.5,0.03,0.0,0.004,0.004,0.0,0.0,450,175,394,30,71
224,0.15,0.22,0.43,0.011,0.022,0.01,0.02,0.5,0.03,0.0,0.004,0.004,0.0,0.0,500,180,350,30,78
225,0.15,0.22,0.43,0.011,0.022,0.01,0.02,0.5,0.03,0.0,0.004,0.004,0.0,0.0,550,179,315,35,82
226,0.15,0.22,0.43,0.011,0.022,0.01,0.02,0.5,0.03,0.0,0.004,0.004,0.0,0.0,600,140,250,44,86
227,0.14,0.22,0.46,0.012,0.012,0.01,0.03,0.5,0.03,0.0,0.006,0.006,0.0,0.0,27,280,440,31,70
228,0.14,0.22,0.46,0.012,0.012,0.01,0.03,0.5,0.03,0.0,0.006,0.006,0.0,0.0,100,274,423,21,67
229,0.14,0.22,0.46,0.012,0.012,0.01,0.03,0.5,0.03,0.0,0.006,0.006,0.0,0.0,200,274,530,20,56
230,0.14,0.22,0.46,0.012,0.012,0.01,0.03,0.5,0.03,0.0,0.006,0.006,0.0,0.0,300,218,530,27,37
231,0.14,0.22,0.46,0.012,0.012,0.01,0.03,0.5,0.03,0.0,0.006,0.006,0.0,0.0,400,262,442,30,69
232,0.14,0.22,0.46,0.012,0.012,0.01,0.03,0.5,0.03,0.0,0.006,0.006,0.0,0.0,450,200,393,28,72
233,0.14,0.22,0.46,0.012,0.012,0.01,0.03,0.5,0.03,0.0,0.006,0.006,0.0,0.0,500,200,354,28,76
234,0.14,0.22,0.46,0.012,0.012,0.01,0.03,0.5,0.03,0.0,0.006,0.006,0.0,0.0,550,213,311,30,82
235,0.14,0.22,0.46,0.012,0.012,0.01,0.03,0.5,0.03,0.0,0.006,0.006,0.0,0.0,600,156,266,37,85
236,0.15,0.25,0.58,0.008,0.01,0.05,0.11,0.52,0.04,0.0,0.007,0.011,0.0,0.0,27,290,450,36,74
237,0.15,0.25,0.58,0.008,0.01,0.05,0.11,0.52,0.04,0.0,0.007,0.011,0.0,0.0,100,267,414,30,72
238,0.15,0.25,0.58,0.008,0.01,0.05,0.11,0.52,0.04,0.0,0.007,0.011,0.0,0.0,200,260,463,22,68
239,0.15,0.25,0.58,0.008,0.01,0.05,0.11,0.52,0.04,0.0,0.007,0.011,0.0,0.0,300,203,487,28,42
240,0.15,0.25,0.58,0.008,0.01,0.05,0.11,0.52,0.04,0.0,0.007,0.011,0.0,0.0,400,182,438,32,73
241,0.15,0.25,0.58,0.008,0.01,0.05,0.11,0.52,0.04,0.0,0.007,0.011,0.0,0.0,450,192,418,30,74
242,0.15,0.25,0.58,0.008,0.01,0.05,0.11,0.52,0.04,0.0,0.007,0.011,0.0,0.0,500,167,372,29,80
243,0.15,0.25,0.58,0.008,0.01,0.05,0.11,0.52,0.04,0.0,0.007,0.011,0.0,0.0,550,175,313,37,83
244,0.15,0.25,0.58,0.008,0.01,0.05,0.11,0.52,0.04,0.0,0.007,0.011,0.0,0.0,600,146,253,44,87
245,0.2,0.28,0.59,0.012,0.01,0.02,0.02,0.54,0.07,0.0,0.003,0.0054,0.0,0.0,27,310,460,29,63
246,0.2,0.28,0.59,0.012,0.01,0.02,0.02,0.54,0.07,0.0,0.003,0.0054,0.0,0.0,100,308,445,20,59
247,0.2,0.28,0.59,0.012,0.01,0.02,0.02,0.54,0.07,0.0,0.003,0.0054,0.0,0.0,200,317,556,18,47
248,0.2,0.28,0.59,0.012,0.01,0.02,0.02,0.54,0.07,0.0,0.003,0.0054,0.0,0.0,300,278,557,24,28
249,0.2,0.28,0.59,0.012,0.01,0.02,0.02,0.54,0.07,0.0,0.003,0.0054,0.0,0.0,400,252,456,28,65
250,0.2,0.28,0.59,0.012,0.01,0.02,0.02,0.54,0.07,0.0,0.003,0.0054,0.0,0.0,450,249,416,29,72
251,0.2,0.28,0.59,0.012,0.01,0.02,0.02,0.54,0.07,0.0,0.003,0.0054,0.0,0.0,500,237,374,29,79
252,0.2,0.28,0.59,0.012,0.01,0.02,0.02,0.54,0.07,0.0,0.003,0.0054,0.0,0.0,550,237,321,30,84
253,0.2,0.28,0.59,0.012,0.01,0.02,0.02,0.54,0.07,0.0,0.003,0.0054,0.0,0.0,600,175,258,47,85
254,0.17,0.3,0.63,0.012,0.012,0.04,0.09,0.52,0.1,0.0,0.003,0.007,0.0,0.0,27,320,480,30,64
255,0.17,0.3,0.63,0.012,0.012,0.04,0.09,0.52,0.1,0.0,0.003,0.007,0.0,0.0,100,304,469,19,57
256,0.17,0.3,0.63,0.012,0.012,0.04,0.09,0.52,0.1,0.0,0.003,0.007,0.0,0.0,200,310,592,17,45
257,0.17,0.3,0.63,0.012,0.012,0.04,0.09,0.52,0.1,0.0,0.003,0.007,0.0,0.0,300,275,596,25,48
258,0.17,0.3,0.63,0.012,0.012,0.04,0.09,0.52,0.1,0.0,0.003,0.007,0.0,0.0,400,238,487,27,61
259,0.17,0.3,0.63,0.012,0.012,0.04,0.09,0.52,0.1,0.0,0.003,0.007,0.0,0.0,450,249,437,26,68
260,0.17,0.3,0.63,0.012,0.012,0.04,0.09,0.52,0.1,0.0,0.003,0.007,0.0,0.0,500,248,385,34,77
261,0.17,0.3,0.63,0.012,0.012,0.04,0.09,0.52,0.1,0.0,0.003,0.007,0.0,0.0,550,219,330,35,83
262,0.17,0.3,0.63,0.012,0.012,0.04,0.09,0.52,0.1,0.0,0.003,0.007,0.0,0.0,600,177,268,39,83
263,0.13,0.23,0.66,0.01,0.01,0.08,0.06,0.51,0.13,0.0,0.004,0.0057,0.0,0.0,27,300,440,29,66
264,0.13,0.23,0.66,0.01,0.01,0.08,0.06,0.51,0.13,0.0,0.004,0.0057,0.0,0.0,100,408,512,20,64
265,0.13,0.23,0.66,0.01,0.01,0.08,0.06,0.51,0.13,0.0,0.004,0.0057,0.0,0.0,200,314,546,19,51
266,0.13,0.23,0.66,0.01,0.01,0.08,0.06,0.51,0.13,0.0,0.004,0.0057,0.0,0.0,300,263,541,27,54
267,0.13,0.23,0.66,0.01,0.01,0.08,0.06,0.51,0.13,0.0,0.004,0.0057,0.0,0.0,400,237,441,27,65
268,0.13,0.23,0.66,0.01,0.01,0.08,0.06,0.51,0.13,0.0,0.004,0.0057,0.0,0.0,450,261,407,31,71
269,0.13,0.23,0.66,0.01,0.01,0.08,0.06,0.51,0.13,0.0,0.004,0.0057,0.0,0.0,500,250,365,26,76
270,0.13,0.23,0.66,0.01,0.01,0.08,0.06,0.51,0.13,0.0,0.004,0.0057,0.0,0.0,550,215,317,32,81
271,0.13,0.23,0.66,0.01,0.01,0.08,0.06,0.51,0.13,0.0,0.004,0.0057,0.0,0.0,600,188,256,37,81
272,0.14,0.39,0.63,0.008,0.005,0.0,0.0,0.58,0.03,0.0,0.004,0.006,0.0,0.0,27,420,530,23,65
273,0.14,0.39,0.63,0.008,0.005,0.0,0.0,0.58,0.03,0.0,0.004,0.006,0.0,0.0,100,324,437,17,59
274,0.14,0.39,0.63,0.008,0.005,0.0,0.0,0.58,0.03,0.0,0.004,0.006,0.0,0.0,200,412,616,17,52
275,0.14,0.39,0.63,0.008,0.005,0.0,0.0,0.58,0.03,0.0,0.004,0.006,0.0,0.0,300,364,624,24,52
276,0.14,0.39,0.63,0.008,0.005,0.0,0.0,0.58,0.03,0.0,0.004,0.006,0.0,0.0,400,367,532,26,64
277,0.14,0.39,0.63,0.008,0.005,0.0,0.0,0.58,0.03,0.0,0.004,0.006,0.0,0.0,450,320,478,26,69
278,0.14,0.39,0.63,0.008,0.005,0.0,0.0,0.58,0.03,0.0,0.004,0.006,0.0,0.0,500,306,420,27,79
279,0.14,0.39,0.63,0.008,0.005,0.0,0.0,0.58,0.03,0.0,0.004,0.006,0.0,0.0,550,276,364,29,84
280,0.14,0.39,0.63,0.008,0.005,0.0,0.0,0.58,0.03,0.0,0.004,0.006,0.0,0.0,600,243,304,32,83
281,0.14,0.4,0.67,0.007,0.004,0.0,0.0,0.6,0.03,0.0,0.004,0.007,0.0,0.0,27,395,520,24,66
282,0.14,0.4,0.67,0.007,0.004,0.0,0.0,0.6,0.03,0.0,0.004,0.007,0.0,0.0,100,380,506,19,61
283,0.14,0.4,0.67,0.007,0.004,0.0,0.0,0.6,0.03,0.0,0.004,0.007,0.0,0.0,200,391,609,18,49
284,0.14,0.4,0.67,0.007,0.004,0.0,0.0,0.6,0.03,0.0,0.004,0.007,0.0,0.0,300,378,614,23,51
285,0.14,0.4,0.67,0.007,0.004,0.0,0.0,0.6,0.03,0.0,0.004,0.007,0.0,0.0,400,330,519,26,64
286,0.14,0.4,0.67,0.007,0.004,0.0,0.0,0.6,0.03,0.0,0.004,0.007,0.0,0.0,450,328,477,27,71
287,0.14,0.4,0.67,0.007,0.004,0.0,0.0,0.6,0.03,0.0,0.004,0.007,0.0,0.0,500,292,422,29,80
288,0.14,0.4,0.67,0.007,0.004,0.0,0.0,0.6,0.03,0.0,0.004,0.007,0.0,0.0,550,268,369,35,86
289,0.14,0.4,0.67,0.007,0.004,0.0,0.0,0.6,0.03,0.0,0.004,0.007,0.0,0.0,600,235,303,49,84
290,0.14,0.39,0.64,0.006,0.005,0.0,0.0,0.58,0.03,0.0,0.005,0.008,0.0,0.0,27,380,520,25,64
291,0.14,0.39,0.64,0.006,0.005,0.0,0.0,0.58,0.03,0.0,0.005,0.008,0.0,0.0,100,371,505,19,61
292,0.14,0.39,0.64,0.006,0.005,0.0,0.0,0.58,0.03,0.0,0.005,0.008,0.0,0.0,200,367,606,18,48
293,0.14,0.39,0.64,0.006,0.005,0.0,0.0,0.58,0.03,0.0,0.005,0.008,0.0,0.0,300,330,610,25,51
294,0.14,0.39,0.64,0.006,0.005,0.0,0.0,0.58,0.03,0.0,0.005,0.008,0.0,0.0,400,323,517,26,64
295,0.14,0.39,0.64,0.006,0.005,0.0,0.0,0.58,0.03,0.0,0.005,0.008,0.0,0.0,450,323,467,27,72
296,0.14,0.39,0.64,0.006,0.005,0.0,0.0,0.58,0.03,0.0,0.005,0.008,0.0,0.0,500,276,417,28,80
297,0.14,0.39,0.64,0.006,0.005,0.0,0.0,0.58,0.03,0.0,0.005,0.008,0.0,0.0,550,261,365,33,84
298,0.14,0.39,0.64,0.006,0.005,0.0,0.0,0.58,0.03,0.0,0.005,0.008,0.0,0.0,600,217,291,46,84
299,0.28,0.3,0.7,0.022,0.011,0.14,0.07,0.02,0.22,0.0,0.004,0.0097,0.0,0.0,27,300,520,29,58
300,0.28,0.3,0.7,0.022,0.011,0.14,0.07,0.02,0.22,0.0,0.004,0.0097,0.0,0.0,100,284,484,29,58
301,0.28,0.3,0.7,0.022,0.011,0.14,0.07,0.02,0.22,0.0,0.004,0.0097,0.0,0.0,200,228,449,27,57
302,0.28,0.3,0.7,0.022,0.011,0.14,0.07,0.02,0.22,0.0,0.004,0.0097,0.0,0.0,300,223,483,26,48
303,0.28,0.3,0.7,0.022,0.011,0.14,0.07,0.02,0.22,0.0,0.004,0.0097,0.0,0.0,350,214,475,28,54
304,0.28,0.3,0.7,0.022,0.011,0.14,0.07,0.02,0.22,0.0,0.004,0.0097,0.0,0.0,400,199,432,33,61
305,0.28,0.3,0.7,0.022,0.011,0.14,0.07,0.02,0.22,0.0,0.004,0.0097,0.0,0.0,450,172,372,36,69
306,0.28,0.3,0.7,0.022,0.011,0.14,0.07,0.02,0.22,0.0,0.004,0.0097,0.0,0.0,500,165,314,39,69
307,0.28,0.3,0.7,0.022,0.011,0.14,0.07,0.02,0.22,0.0,0.004,0.0097,0.0,0.0,550,153,253,52,72
308,0.2,0.22,0.68,0.024,0.009,0.15,0.11,0.03,0.23,0.0,0.01,0.0077,0.0,0.0,27,275,490,33,64
309,0.2,0.22,0.68,0.024,0.009,0.15,0.11,0.03,0.23,0.0,0.01,0.0077,0.0,0.0,100,258,449,32,65
310,0.2,0.22,0.68,0.024,0.009,0.15,0.11,0.03,0.23,0.0,0.01,0.0077,0.0,0.0,200,243,439,28,62
311,0.2,0.22,0.68,0.024,0.009,0.15,0.11,0.03,0.23,0.0,0.01,0.0077,0.0,0.0,300,201,454,27,56
312,0.2,0.22,0.68,0.024,0.009,0.15,0.11,0.03,0.23,0.0,0.01,0.0077,0.0,0.0,350,194,454,31,58
313,0.2,0.22,0.68,0.024,0.009,0.15,0.11,0.03,0.23,0.0,0.01,0.0077,0.0,0.0,400,186,418,38,67
314,0.2,0.22,0.68,0.024,0.009,0.15,0.11,0.03,0.23,0.0,0.01,0.0077,0.0,0.0,450,183,368,43,74
315,0.2,0.22,0.68,0.024,0.009,0.15,0.11,0.03,0.23,0.0,0.01,0.0077,0.0,0.0,500,152,306,44,80
316,0.2,0.22,0.68,0.024,0.009,0.15,0.11,0.03,0.23,0.0,0.01,0.0077,0.0,0.0,550,149,249,54,83
317,0.34,0.22,0.7,0.016,0.012,0.14,0.1,0.03,0.2,0.0,0.002,0.0107,0.0,0.0,27,290,500,32,60
318,0.34,0.22,0.7,0.016,0.012,0.14,0.1,0.03,0.2,0.0,0.002,0.0107,0.0,0.0,100,266,454,31,61
319,0.34,0.22,0.7,0.016,0.012,0.14,0.1,0.03,0.2,0.0,0.002,0.0107,0.0,0.0,200,224,447,28,58
320,0.34,0.22,0.7,0.016,0.012,0.14,0.1,0.03,0.2,0.0,0.002,0.0107,0.0,0.0,300,194,458,28,52
321,0.34,0.22,0.7,0.016,0.012,0.14,0.1,0.03,0.2,0.0,0.002,0.0107,0.0,0.0,350,198,460,30,55
322,0.34,0.22,0.7,0.016,0.012,0.14,0.1,0.03,0.2,0.0,0.002,0.0107,0.0,0.0,400,194,422,31,62
323,0.34,0.22,0.7,0.016,0.012,0.14,0.1,0.03,0.2,0.0,0.002,0.0107,0.0,0.0,450,179,368,37,71
324,0.34,0.22,0.7,0.016,0.012,0.14,0.1,0.03,0.2,0.0,0.002,0.0107,0.0,0.0,500,163,310,34,70
325,0.34,0.22,0.7,0.016,0.012,0.14,0.1,0.03,0.2,0.0,0.002,0.0107,0.0,0.0,550,164,283,46,81
326,0.28,0.19,0.8,0.01,0.012,0.0,0.06,0.22,0.04,0.0,0.016,0.0073,0.0,0.0,27,275,490,30,56
327,0.28,0.19,0.8,0.01,0.012,0.0,0.06,0.22,0.04,0.0,0.016,0.0073,0.0,0.0,100,258,445,29,55
328,0.28,0.19,0.8,0.01,0.012,0.0,0.06,0.22,0.04,0.0,0.016,0.0073,0.0,0.0,200,228,440,26,53
329,0.28,0.19,0.8,0.01,0.012,0.0,0.06,0.22,0.04,0.0,0.016,0.0073,0.0,0.0,300,186,457,27,52
330,0.28,0.19,0.8,0.01,0.012,0.0,0.06,0.22,0.04,0.0,0.016,0.0073,0.0,0.0,350,179,457,30,60
331,0.28,0.19,0.8,0.01,0.012,0.0,0.06,0.22,0.04,0.0,0.016,0.0073,0.0,0.0,400,183,425,33,61
332,0.28,0.19,0.8,0.01,0.012,0.0,0.06,0.22,0.04,0.0,0.016,0.0073,0.0,0.0,450,183,382,33,74
333,0.28,0.19,0.8,0.01,0.012,0.0,0.06,0.22,0.04,0.0,0.016,0.0073,0.0,0.0,500,168,338,32,77
334,0.28,0.19,0.8,0.01,0.012,0.0,0.06,0.22,0.04,0.0,0.016,0.0073,0.0,0.0,550,149,256,37,81
335,0.29,0.2,0.93,0.014,0.015,0.03,0.03,0.36,0.06,0.0,0.018,0.0045,0.0,0.0,27,310,530,27,55
336,0.29,0.2,0.93,0.014,0.015,0.03,0.03,0.36,0.06,0.0,0.018,0.0045,0.0,0.0,100,300,498,27,54
337,0.29,0.2,0.93,0.014,0.015,0.03,0.03,0.36,0.06,0.0,0.018,0.0045,0.0,0.0,200,254,486,22,46
338,0.29,0.2,0.93,0.014,0.015,0.03,0.03,0.36,0.06,0.0,0.018,0.0045,0.0,0.0,300,235,522,22,47
339,0.29,0.2,0.93,0.014,0.015,0.03,0.03,0.36,0.06,0.0,0.018,0.0045,0.0,0.0,350,221,514,26,53
340,0.29,0.2,0.93,0.014,0.015,0.03,0.03,0.36,0.06,0.0,0.018,0.0045,0.0,0.0,400,213,480,29,64
341,0.29,0.2,0.93,0.014,0.015,0.03,0.03,0.36,0.06,0.0,0.018,0.0045,0.0,0.0,450,226,434,30,67
342,0.29,0.2,0.93,0.014,0.015,0.03,0.03,0.36,0.06,0.0,0.018,0.0045,0.0,0.0,500,213,380,28,73
343,0.29,0.2,0.93,0.014,0.015,0.03,0.03,0.36,0.06,0.0,0.018,0.0045,0.0,0.0,550,198,322,40,82
344,0.29,0.22,1.0,0.016,0.011,0.05,0.07,0.34,0.05,0.0,0.011,0.0035,0.0,0.0,27,305,530,27,54
345,0.29,0.22,1.0,0.016,0.011,0.05,0.07,0.34,0.05,0.0,0.011,0.0035,0.0,0.0,100,270,487,28,51
346,0.29,0.22,1.0,0.016,0.011,0.05,0.07,0.34,0.05,0.0,0.011,0.0035,0.0,0.0,200,259,478,23,50
347,0.29,0.22,1.0,0.016,0.011,0.05,0.07,0.34,0.05,0.0,0.011,0.0035,0.0,0.0,300,226,518,26,46
348,0.29,0.22,1.0,0.016,0.011,0.05,0.07,0.34,0.05,0.0,0.011,0.0035,0.0,0.0,350,214,503,29,60
349,0.29,0.22,1.0,0.016,0.011,0.05,0.07,0.34,0.05,0.0,0.011,0.0035,0.0,0.0,400,213,477,32,68
350,0.29,0.22,1.0,0.016,0.011,0.05,0.07,0.34,0.05,0.0,0.011,0.0035,0.0,0.0,450,202,424,33,73
351,0.29,0.22,1.0,0.016,0.011,0.05,0.07,0.34,0.05,0.0,0.011,0.0035,0.0,0.0,500,202,381,37,77
352,0.29,0.22,1.0,0.016,0.011,0.05,0.07,0.34,0.05,0.0,0.011,0.0035,0.0,0.0,550,194,315,42,83
353,0.22,0.22,0.82,0.015,0.006,0.05,0.06,0.18,0.08,0.0,0.005,0.0082,0.0,0.0,27,295,470,32,66
354,0.22,0.22,0.82,0.015,0.006,0.05,0.06,0.18,0.08,0.0,0.005,0.0082,0.0,0.0,100,289,443,28,63
355,0.22,0.22,0.82,0.015,0.006,0.05,0.06,0.18,0.08,0.0,0.005,0.0082,0.0,0.0,200,274,450,24,61
356,0.22,0.22,0.82,0.015,0.006,0.05,0.06,0.18,0.08,0.0,0.005,0.0082,0.0,0.0,300,223,468,23,56
357,0.22,0.22,0.82,0.015,0.006,0.05,0.06,0.18,0.08,0.0,0.005,0.0082,0.0,0.0,350,207,464,25,63
358,0.22,0.22,0.82,0.015,0.006,0.05,0.06,0.18,0.08,0.0,0.005,0.0082,0.0,0.0,400,194,408,33,71
359,0.22,0.22,0.82,0.015,0.006,0.05,0.06,0.18,0.08,0.0,0.005,0.0082,0.0,0.0,450,198,388,31,71
360,0.22,0.22,0.82,0.015,0.006,0.05,0.06,0.18,0.08,0.0,0.005,0.0082,0.0,0.0,500,186,330,37,79
361,0.22,0.22,0.82,0.015,0.006,0.05,0.06,0.18,0.08,0.0,0.005,0.0082,0.0,0.0,550,172,273,40,85
362,0.26,0.23,0.74,0.016,0.006,0.05,0.04,0.15,0.07,0.0,0.007,0.0108,0.0,0.0,27,270,480,30,58
363,0.26,0.23,0.74,0.016,0.006,0.05,0.04,0.15,0.07,0.0,0.007,0.0108,0.0,0.0,100,262,471,24,55
364,0.26,0.23,0.74,0.016,0.006,0.05,0.04,0.15,0.07,0.0,0.007,0.0108,0.0,0.0,200,224,431,25,55
365,0.26,0.23,0.74,0.016,0.006,0.05,0.04,0.15,0.07,0.0,0.007,0.0108,0.0,0.0,300,199,526,23,48
366,0.26,0.23,0.74,0.016,0.006,0.05,0.04,0.15,0.07,0.0,0.007,0.0108,0.0,0.0,350,205,526,26,53
367,0.26,0.23,0.74,0.016,0.006,0.05,0.04,0.15,0.07,0.0,0.007,0.0108,0.0,0.0,400,186,443,28,62
368,0.26,0.23,0.74,0.016,0.006,0.05,0.04,0.15,0.07,0.0,0.007,0.0108,0.0,0.0,450,168,376,36,72
369,0.26,0.23,0.74,0.016,0.006,0.05,0.04,0.15,0.07,0.0,0.007,0.0108,0.0,0.0,500,179,345,35,72
370,0.26,0.23,0.74,0.016,0.006,0.05,0.04,0.15,0.07,0.0,0.007,0.0108,0.0,0.0,550,153,268,51,82
371,0.28,0.2,0.72,0.015,0.012,0.32,1.02,1.12,0.2,0.27,0.002,0.0075,0.0,0.0,27,655,810,17,61
372,0.28,0.2,0.72,0.015,0.012,0.32,1.02,1.12,0.2,0.27,0.002,0.0075,0.0,0.0,100,621,754,16,57
373,0.28,0.2,0.72,0.015,0.012,0.32,1.02,1.12,0.2,0.27,0.002,0.0075,0.0,0.0,200,591,729,15,54
374,0.28,0.2,0.72,0.015,0.012,0.32,1.02,1.12,0.2,0.27,0.002,0.0075,0.0,0.0,300,580,722,15,52
375,0.28,0.2,0.72,0.015,0.012,0.32,1.02,1.12,0.2,0.27,0.002,0.0075,0.0,0.0,400,538,678,16,55
376,0.28,0.2,0.72,0.015,0.012,0.32,1.02,1.12,0.2,0.27,0.002,0.0075,0.0,0.0,450,514,629,17,62
377,0.28,0.2,0.72,0.015,0.012,0.32,1.02,1.12,0.2,0.27,0.002,0.0075,0.0,0.0,500,481,570,17,65
378,0.28,0.2,0.72,0.015,0.012,0.32,1.02,1.12,0.2,0.27,0.002,0.0075,0.0,0.0,550,469,504,19,80
379,0.28,0.2,0.72,0.015,0.012,0.32,1.02,1.12,0.2,0.27,0.002,0.0075,0.0,0.0,600,358,444,23,85
380,0.28,0.2,0.72,0.015,0.012,0.32,1.02,1.12,0.2,0.27,0.002,0.0075,0.0,0.0,650,257,375,32,91
381,0.28,0.18,0.75,0.012,0.009,0.32,1.0,1.25,0.14,0.27,0.002,0.009,0.0,0.0,27,665,810,18,63
382,0.28,0.18,0.75,0.012,0.009,0.32,1.0,1.25,0.14,0.27,0.002,0.009,0.0,0.0,100,617,761,16,54
383,0.28,0.18,0.75,0.012,0.009,0.32,1.0,1.25,0.14,0.27,0.002,0.009,0.0,0.0,200,602,733,16,56
384,0.28,0.18,0.75,0.012,0.009,0.32,1.0,1.25,0.14,0.27,0.002,0.009,0.0,0.0,300,566,724,14,52
385,0.28,0.18,0.75,0.012,0.009,0.32,1.0,1.25,0.14,0.27,0.002,0.009,0.0,0.0,400,561,674,18,60
386,0.28,0.18,0.75,0.012,0.009,0.32,1.0,1.25,0.14,0.27,0.002,0.009,0.0,0.0,450,517,634,16,55
387,0.28,0.18,0.75,0.012,0.009,0.32,1.0,1.25,0.14,0.27,0.002,0.009,0.0,0.0,500,509,573,16,68
388,0.28,0.18,0.75,0.012,0.009,0.32,1.0,1.25,0.14,0.27,0.002,0.009,0.0,0.0,550,438,514,20,76
389,0.28,0.18,0.75,0.012,0.009,0.32,1.0,1.25,0.14,0.27,0.002,0.009,0.0,0.0,600,363,460,25,87
390,0.28,0.18,0.75,0.012,0.009,0.32,1.0,1.25,0.14,0.27,0.002,0.009,0.0,0.0,650,254,364,35,92
391,0.29,0.2,0.75,0.01,0.009,0.34,1.0,1.25,0.14,0.26,0.002,0.0075,0.0,0.0,27,690,830,17,59
392,0.29,0.2,0.75,0.01,0.009,0.34,1.0,1.25,0.14,0.26,0.002,0.0075,0.0,0.0,100,662,786,16,58
393,0.29,0.2,0.75,0.01,0.009,0.34,1.0,1.25,0.14,0.26,0.002,0.0075,0.0,0.0,200,624,750,16,57
394,0.29,0.2,0.75,0.01,0.009,0.34,1.0,1.25,0.14,0.26,0.002,0.0075,0.0,0.0,300,602,743,15,56
395,0.29,0.2,0.75,0.01,0.009,0.34,1.0,1.25,0.14,0.26,0.002,0.0075,0.0,0.0,400,553,695,16,57
396,0.29,0.2,0.75,0.01,0.009,0.34,1.0,1.25,0.14,0.26,0.002,0.0075,0.0,0.0,450,544,644,16,62
397,0.29,0.2,0.75,0.01,0.009,0.34,1.0,1.25,0.14,0.26,0.002,0.0075,0.0,0.0,500,492,576,18,74
398,0.29,0.2,0.75,0.01,0.009,0.34,1.0,1.25,0.14,0.26,0.002,0.0075,0.0,0.0,550,446,529,19,80
399,0.29,0.2,0.75,0.01,0.009,0.34,1.0,1.25,0.14,0.26,0.002,0.0075,0.0,0.0,600,360,459,25,87
400,0.29,0.2,0.75,0.01,0.009,0.34,1.0,1.25,0.14,0.26,0.002,0.0075,0.0,0.0,650,256,376,37,93
401,0.3,0.28,0.72,0.014,0.006,0.35,0.93,1.22,0.16,0.21,0.002,0.0093,0.0,0.0,27,645,810,19,60
402,0.3,0.28,0.72,0.014,0.006,0.35,0.93,1.22,0.16,0.21,0.002,0.0093,0.0,0.0,100,613,751,16,56
403,0.3,0.28,0.72,0.014,0.006,0.35,0.93,1.22,0.16,0.21,0.002,0.0093,0.0,0.0,200,596,738,15,53
404,0.3,0.28,0.72,0.014,0.006,0.35,0.93,1.22,0.16,0.21,0.002,0.0093,0.0,0.0,300,569,731,13,49
405,0.3,0.28,0.72,0.014,0.006,0.35,0.93,1.22,0.16,0.21,0.002,0.0093,0.0,0.0,400,538,690,14,50
406,0.3,0.28,0.72,0.014,0.006,0.35,0.93,1.22,0.16,0.21,0.002,0.0093,0.0,0.0,450,522,631,17,62
407,0.3,0.28,0.72,0.014,0.006,0.35,0.93,1.22,0.16,0.21,0.002,0.0093,0.0,0.0,500,506,569,18,67
408,0.3,0.28,0.72,0.014,0.006,0.35,0.93,1.22,0.16,0.21,0.002,0.0093,0.0,0.0,550,432,510,19,77
409,0.3,0.28,0.72,0.014,0.006,0.35,0.93,1.22,0.16,0.21,0.002,0.0093,0.0,0.0,600,353,455,20,84
410,0.3,0.28,0.72,0.014,0.006,0.35,0.93,1.22,0.16,0.21,0.002,0.0093,0.0,0.0,650,277,373,34,91
411,0.3,0.26,0.79,0.016,0.015,0.32,1.03,1.13,0.19,0.23,0.002,0.0085,0.0,0.0,27,620,790,18,57
412,0.3,0.26,0.79,0.016,0.015,0.32,1.03,1.13,0.19,0.23,0.002,0.0085,0.0,0.0,100,585,738,16,57
413,0.3,0.26,0.79,0.016,0.015,0.32,1.03,1.13,0.19,0.23,0.002,0.0085,0.0,0.0,200,572,718,15,49
414,0.3,0.26,0.79,0.016,0.015,0.32,1.03,1.13,0.19,0.23,0.002,0.0085,0.0,0.0,300,562,710,13,42
415,0.3,0.26,0.79,0.016,0.015,0.32,1.03,1.13,0.19,0.23,0.002,0.0085,0.0,0.0,400,526,671,14,50
416,0.3,0.26,0.79,0.016,0.015,0.32,1.03,1.13,0.19,0.23,0.002,0.0085,0.0,0.0,450,501,619,16,61
417,0.3,0.26,0.79,0.016,0.015,0.32,1.03,1.13,0.19,0.23,0.002,0.0085,0.0,0.0,500,470,562,17,64
418,0.3,0.26,0.79,0.016,0.015,0.32,1.03,1.13,0.19,0.23,0.002,0.0085,0.0,0.0,550,426,503,22,77
419,0.3,0.26,0.79,0.016,0.015,0.32,1.03,1.13,0.19,0.23,0.002,0.0085,0.0,0.0,600,356,443,27,85
420,0.3,0.26,0.79,0.016,0.015,0.32,1.03,1.13,0.19,0.23,0.002,0.0085,0.0,0.0,650,250,367,27,90
421,0.29,0.26,0.76,0.009,0.007,0.45,1.12,1.18,0.07,0.23,0.003,0.0103,0.0,0.0,27,685,830,17,62
422,0.29,0.26,0.76,0.009,0.007,0.45,1.12,1.18,0.07,0.23,0.003,0.0103,0.0,0.0,100,642,786,15,59
423,0.29,0.26,0.76,0.009,0.007,0.45,1.12,1.18,0.07,0.23,0.003,0.0103,0.0,0.0,200,618,752,15,54
424,0.29,0.26,0.76,0.009,0.007,0.45,1.12,1.18,0.07,0.23,0.003,0.0103,0.0,0.0,300,596,746,14,51
425,0.29,0.26,0.76,0.009,0.007,0.45,1.12,1.18,0.07,0.23,0.003,0.0103,0.0,0.0,400,569,697,16,63
426,0.29,0.26,0.76,0.009,0.007,0.45,1.12,1.18,0.07,0.23,0.003,0.0103,0.0,0.0,450,545,647,15,67
427,0.29,0.26,0.76,0.009,0.007,0.45,1.12,1.18,0.07,0.23,0.003,0.0103,0.0,0.0,500,521,598,16,73
428,0.29,0.26,0.76,0.009,0.007,0.45,1.12,1.18,0.07,0.23,0.003,0.0103,0.0,0.0,550,463,537,21,83
429,0.29,0.26,0.76,0.009,0.007,0.45,1.12,1.18,0.07,0.23,0.003,0.0103,0.0,0.0,600,378,470,22,88
430,0.29,0.26,0.76,0.009,0.007,0.45,1.12,1.18,0.07,0.23,0.003,0.0103,0.0,0.0,650,279,391,28,92
431,0.29,0.26,0.77,0.009,0.007,0.46,1.12,1.2,0.08,0.23,0.004,0.0095,0.0,0.0,27,660,820,17,59
432,0.29,0.26,0.77,0.009,0.007,0.46,1.12,1.2,0.08,0.23,0.004,0.0095,0.0,0.0,100,622,775,16,61
433,0.29,0.26,0.77,0.009,0.007,0.46,1.12,1.2,0.08,0.23,0.004,0.0095,0.0,0.0,200,599,741,14,52
434,0.29,0.26,0.77,0.009,0.007,0.46,1.12,1.2,0.08,0.23,0.004,0.0095,0.0,0.0,300,579,727,13,48
435,0.29,0.26,0.77,0.009,0.007,0.46,1.12,1.2,0.08,0.23,0.004,0.0095,0.0,0.0,400,560,687,13,52
436,0.29,0.26,0.77,0.009,0.007,0.46,1.12,1.2,0.08,0.23,0.004,0.0095,0.0,0.0,450,522,632,16,54
437,0.29,0.26,0.77,0.009,0.007,0.46,1.12,1.2,0.08,0.23,0.004,0.0095,0.0,0.0,500,500,583,17,70
438,0.29,0.26,0.77,0.009,0.007,0.46,1.12,1.2,0.08,0.23,0.004,0.0095,0.0,0.0,550,446,525,19,80
439,0.29,0.26,0.77,0.009,0.007,0.46,1.12,1.2,0.08,0.23,0.004,0.0095,0.0,0.0,600,365,461,20,85
440,0.29,0.26,0.77,0.009,0.007,0.46,1.12,1.2,0.08,0.23,0.004,0.0095,0.0,0.0,650,284,391,25,89
441,0.29,0.21,0.66,0.01,0.008,0.51,1.07,1.29,0.06,0.23,0.005,0.0097,0.0,0.0,27,640,800,18,62
442,0.29,0.21,0.66,0.01,0.008,0.51,1.07,1.29,0.06,0.23,0.005,0.0097,0.0,0.0,100,601,748,17,62
443,0.29,0.21,0.66,0.01,0.008,0.51,1.07,1.29,0.06,0.23,0.005,0.0097,0.0,0.0,200,577,729,16,59
444,0.29,0.21,0.66,0.01,0.008,0.51,1.07,1.29,0.06,0.23,0.005,0.0097,0.0,0.0,300,560,716,14,55
445,0.29,0.21,0.66,0.01,0.008,0.51,1.07,1.29,0.06,0.23,0.005,0.0097,0.0,0.0,400,534,666,17,60
446,0.29,0.21,0.66,0.01,0.008,0.51,1.07,1.29,0.06,0.23,0.005,0.0097,0.0,0.0,450,508,612,18,67
447,0.29,0.21,0.66,0.01,0.008,0.51,1.07,1.29,0.06,0.23,0.005,0.0097,0.0,0.0,500,493,558,19,75
448,0.29,0.21,0.66,0.01,0.008,0.51,1.07,1.29,0.06,0.23,0.005,0.0097,0.0,0.0,550,430,506,20,83
449,0.29,0.21,0.66,0.01,0.008,0.51,1.07,1.29,0.06,0.23,0.005,0.0097,0.0,0.0,600,347,437,25,87
450,0.29,0.21,0.66,0.01,0.008,0.51,1.07,1.29,0.06,0.23,0.005,0.0097,0.0,0.0,650,267,370,32,91
451,0.3,0.27,0.7,0.012,0.012,0.44,1.1,1.35,0.11,0.27,0.003,0.0082,0.0,0.0,27,655,810,18,62
452,0.3,0.27,0.7,0.012,0.012,0.44,1.1,1.35,0.11,0.27,0.003,0.0082,0.0,0.0,100,634,766,16,61
453,0.3,0.27,0.7,0.012,0.012,0.44,1.1,1.35,0.11,0.27,0.003,0.0082,0.0,0.0,200,598,747,16,59
454,0.3,0.27,0.7,0.012,0.012,0.44,1.1,1.35,0.11,0.27,0.003,0.0082,0.0,0.0,300,585,737,14,53
455,0.3,0.27,0.7,0.012,0.012,0.44,1.1,1.35,0.11,0.27,0.003,0.0082,0.0,0.0,400,545,682,17,63
456,0.3,0.27,0.7,0.012,0.012,0.44,1.1,1.35,0.11,0.27,0.003,0.0082,0.0,0.0,450,522,631,17,68
457,0.3,0.27,0.7,0.012,0.012,0.44,1.1,1.35,0.11,0.27,0.003,0.0082,0.0,0.0,500,497,574,19,73
458,0.3,0.27,0.7,0.012,0.012,0.44,1.1,1.35,0.11,0.27,0.003,0.0082,0.0,0.0,550,437,522,20,84
459,0.3,0.27,0.7,0.012,0.012,0.44,1.1,1.35,0.11,0.27,0.003,0.0082,0.0,0.0,600,358,451,27,89
460,0.3,0.27,0.7,0.012,0.012,0.44,1.1,1.35,0.11,0.27,0.003,0.0082,0.0,0.0,650,271,382,28,90
461,0.18,0.26,1.33,0.015,0.008,0.55,0.11,0.49,0.11,0.0,0.028,0.006,0.0,0.0,27,425,580,26,71
462,0.18,0.26,1.33,0.015,0.008,0.55,0.11,0.49,0.11,0.0,0.028,0.006,0.0,0.0,100,393,525,23,69
463,0.18,0.26,1.33,0.015,0.008,0.55,0.11,0.49,0.11,0.0,0.028,0.006,0.0,0.0,200,419,551,21,69
464,0.18,0.26,1.33,0.015,0.008,0.55,0.11,0.49,0.11,0.0,0.028,0.006,0.0,0.0,300,395,588,21,62
465,0.18,0.26,1.33,0.015,0.008,0.55,0.11,0.49,0.11,0.0,0.028,0.006,0.0,0.0,350,399,575,26,70
466,0.18,0.26,1.33,0.015,0.008,0.55,0.11,0.49,0.11,0.0,0.028,0.006,0.0,0.0,400,367,534,25,71
467,0.18,0.26,1.33,0.015,0.008,0.55,0.11,0.49,0.11,0.0,0.028,0.006,0.0,0.0,450,352,481,24,72
468,0.18,0.26,1.33,0.015,0.008,0.55,0.11,0.49,0.11,0.0,0.028,0.006,0.0,0.0,500,322,409,23,78
469,0.18,0.26,1.33,0.015,0.008,0.55,0.11,0.49,0.11,0.0,0.028,0.006,0.0,0.0,550,303,374,30,84
470,0.18,0.26,1.33,0.015,0.008,0.55,0.11,0.49,0.11,0.0,0.028,0.006,0.0,0.0,600,240,313,31,84
471,0.17,0.23,1.34,0.014,0.009,0.57,0.16,0.49,0.11,0.0,0.038,0.007,0.0,0.0,27,455,590,26,72
472,0.17,0.23,1.34,0.014,0.009,0.57,0.16,0.49,0.11,0.0,0.038,0.007,0.0,0.0,100,427,548,23,71
473,0.17,0.23,1.34,0.014,0.009,0.57,0.16,0.49,0.11,0.0,0.038,0.007,0.0,0.0,200,436,566,21,67
474,0.17,0.23,1.34,0.014,0.009,0.57,0.16,0.49,0.11,0.0,0.038,0.007,0.0,0.0,300,435,608,20,61
475,0.17,0.23,1.34,0.014,0.009,0.57,0.16,0.49,0.11,0.0,0.038,0.007,0.0,0.0,350,405,572,25,66
476,0.17,0.23,1.34,0.014,0.009,0.57,0.16,0.49,0.11,0.0,0.038,0.007,0.0,0.0,400,366,531,26,68
477,0.17,0.23,1.34,0.014,0.009,0.57,0.16,0.49,0.11,0.0,0.038,0.007,0.0,0.0,450,367,505,25,75
478,0.17,0.23,1.34,0.014,0.009,0.57,0.16,0.49,0.11,0.0,0.038,0.007,0.0,0.0,500,337,427,22,79
479,0.17,0.23,1.34,0.014,0.009,0.57,0.16,0.49,0.11,0.0,0.038,0.007,0.0,0.0,550,291,369,25,82
480,0.17,0.23,1.34,0.014,0.009,0.57,0.16,0.49,0.11,0.0,0.038,0.007,0.0,0.0,600,248,308,37,85
481,0.17,0.33,1.37,0.016,0.014,0.6,0.08,0.53,0.24,0.0,0.008,0.0071,0.0,0.0,27,440,590,25,70
482,0.17,0.33,1.37,0.016,0.014,0.6,0.08,0.53,0.24,0.0,0.008,0.0071,0.0,0.0,100,421,558,21,68
483,0.17,0.33,1.37,0.016,0.014,0.6,0.08,0.53,0.24,0.0,0.008,0.0071,0.0,0.0,200,404,548,20,66
484,0.17,0.33,1.37,0.016,0.014,0.6,0.08,0.53,0.24,0.0,0.008,0.0071,0.0,0.0,300,400,565,18,60
485,0.17,0.33,1.37,0.016,0.014,0.6,0.08,0.53,0.24,0.0,0.008,0.0071,0.0,0.0,350,404,573,23,62
486,0.17,0.33,1.37,0.016,0.014,0.6,0.08,0.53,0.24,0.0,0.008,0.0071,0.0,0.0,400,378,532,19,45
487,0.17,0.33,1.37,0.016,0.014,0.6,0.08,0.53,0.24,0.0,0.008,0.0071,0.0,0.0,450,366,485,22,64
488,0.17,0.33,1.37,0.016,0.014,0.6,0.08,0.53,0.24,0.0,0.008,0.0071,0.0,0.0,500,341,473,23,75
489,0.17,0.33,1.37,0.016,0.014,0.6,0.08,0.53,0.24,0.0,0.008,0.0071,0.0,0.0,550,304,369,27,82
490,0.17,0.33,1.37,0.016,0.014,0.6,0.08,0.53,0.24,0.0,0.008,0.0071,0.0,0.0,600,250,310,30,88
491,0.17,0.33,1.37,0.016,0.014,0.6,0.08,0.53,0.24,0.0,0.008,0.0071,0.0,0.0,650,170,250,36,92
492,0.17,0.35,1.44,0.015,0.01,0.58,0.08,0.5,0.23,0.0,0.006,0.0079,0.0,0.0,27,420,580,27,71
493,0.17,0.35,1.44,0.015,0.01,0.58,0.08,0.5,0.23,0.0,0.006,0.0079,0.0,0.0,100,411,551,24,72
494,0.17,0.35,1.44,0.015,0.01,0.58,0.08,0.5,0.23,0.0,0.006,0.0079,0.0,0.0,200,381,525,22,69
495,0.17,0.35,1.44,0.015,0.01,0.58,0.08,0.5,0.23,0.0,0.006,0.0079,0.0,0.0,300,381,556,20,60
496,0.17,0.35,1.44,0.015,0.01,0.58,0.08,0.5,0.23,0.0,0.006,0.0079,0.0,0.0,350,357,549,24,62
497,0.17,0.35,1.44,0.015,0.01,0.58,0.08,0.5,0.23,0.0,0.006,0.0079,0.0,0.0,400,352,510,25,65
498,0.17,0.35,1.44,0.015,0.01,0.58,0.08,0.5,0.23,0.0,0.006,0.0079,0.0,0.0,450,336,462,22,66
499,0.17,0.35,1.44,0.015,0.01,0.58,0.08,0.5,0.23,0.0,0.006,0.0079,0.0,0.0,500,303,396,24,79
500,0.17,0.35,1.44,0.015,0.01,0.58,0.08,0.5,0.23,0.0,0.006,0.0079,0.0,0.0,550,286,355,31,84
501,0.17,0.35,1.44,0.015,0.01,0.58,0.08,0.5,0.23,0.0,0.006,0.0079,0.0,0.0,600,240,300,39,88
502,0.19,0.33,1.41,0.014,0.006,0.58,0.1,0.53,0.25,0.0,0.008,0.0077,0.0,0.0,27,435,590,26,72
503,0.19,0.33,1.41,0.014,0.006,0.58,0.1,0.53,0.25,0.0,0.008,0.0077,0.0,0.0,100,414,557,23,72
504,0.19,0.33,1.41,0.014,0.006,0.58,0.1,0.53,0.25,0.0,0.008,0.0077,0.0,0.0,200,395,540,23,69
505,0.19,0.33,1.41,0.014,0.006,0.58,0.1,0.53,0.25,0.0,0.008,0.0077,0.0,0.0,300,396,573,18,56
506,0.19,0.33,1.41,0.014,0.006,0.58,0.1,0.53,0.25,0.0,0.008,0.0077,0.0,0.0,350,370,558,23,60
507,0.19,0.33,1.41,0.014,0.006,0.58,0.1,0.53,0.25,0.0,0.008,0.0077,0.0,0.0,400,363,522,23,59
508,0.19,0.33,1.41,0.014,0.006,0.58,0.1,0.53,0.25,0.0,0.008,0.0077,0.0,0.0,450,335,470,22,64
509,0.19,0.33,1.41,0.014,0.006,0.58,0.1,0.53,0.25,0.0,0.008,0.0077,0.0,0.0,500,323,412,22,70
510,0.19,0.33,1.41,0.014,0.006,0.58,0.1,0.53,0.25,0.0,0.008,0.0077,0.0,0.0,550,288,356,29,83
511,0.19,0.33,1.41,0.014,0.006,0.58,0.1,0.53,0.25,0.0,0.008,0.0077,0.0,0.0,600,240,299,41,86
512,0.12,0.25,0.48,0.008,0.012,0.04,0.64,0.51,0.04,0.0,0.006,0.013,0.0,0.0,27,270,480,32,75
513,0.12,0.25,0.48,0.008,0.012,0.04,0.64,0.51,0.04,0.0,0.006,0.013,0.0,0.0,100,261,454,28,72
514,0.12,0.25,0.48,0.008,0.012,0.04,0.64,0.51,0.04,0.0,0.006,0.013,0.0,0.0,200,261,542,20,59
515,0.12,0.25,0.48,0.008,0.012,0.04,0.64,0.51,0.04,0.0,0.006,0.013,0.0,0.0,300,259,604,34,57
516,0.12,0.25,0.48,0.008,0.012,0.04,0.64,0.51,0.04,0.0,0.006,0.013,0.0,0.0,400,237,564,26,66
517,0.12,0.25,0.48,0.008,0.012,0.04,0.64,0.51,0.04,0.0,0.006,0.013,0.0,0.0,450,228,534,26,66
518,0.12,0.25,0.48,0.008,0.012,0.04,0.64,0.51,0.04,0.0,0.006,0.013,0.0,0.0,500,237,487,25,70
519,0.12,0.25,0.48,0.008,0.012,0.04,0.64,0.51,0.04,0.0,0.006,0.013,0.0,0.0,550,222,434,29,78
520,0.12,0.25,0.48,0.008,0.012,0.04,0.64,0.51,0.04,0.0,0.006,0.013,0.0,0.0,600,193,332,42,84
521,0.16,0.24,0.49,0.012,0.007,0.035,0.61,0.51,0.04,0.0,0.006,0.0086,0.0,0.0,27,275,450,34,65
522,0.16,0.24,0.49,0.012,0.007,0.035,0.61,0.51,0.04,0.0,0.006,0.0086,0.0,0.0,100,260,408,29,67
523,0.16,0.24,0.49,0.012,0.007,0.035,0.61,0.51,0.04,0.0,0.006,0.0086,0.0,0.0,200,256,458,21,60
524,0.16,0.24,0.49,0.012,0.007,0.035,0.61,0.51,0.04,0.0,0.006,0.0086,0.0,0.0,300,192,493,21,57
525,0.16,0.24,0.49,0.012,0.007,0.035,0.61,0.51,0.04,0.0,0.006,0.0086,0.0,0.0,400,191,456,30,76
526,0.16,0.24,0.49,0.012,0.007,0.035,0.61,0.51,0.04,0.0,0.006,0.0086,0.0,0.0,450,180,434,28,79
527,0.16,0.24,0.49,0.012,0.007,0.035,0.61,0.51,0.04,0.0,0.006,0.0086,0.0,0.0,500,181,398,31,85
528,0.16,0.24,0.49,0.012,0.007,0.035,0.61,0.51,0.04,0.0,0.006,0.0086,0.0,0.0,550,176,349,37,87
529,0.16,0.24,0.49,0.012,0.007,0.035,0.61,0.51,0.04,0.0,0.006,0.0086,0.0,0.0,600,168,281,38,89
530,0.12,0.25,0.43,0.006,0.011,0.03,0.59,0.51,0.03,0.0,0.006,0.015,0.0,0.0,27,325,460,36,77
531,0.12,0.25,0.43,0.006,0.011,0.03,0.59,0.51,0.03,0.0,0.006,0.015,0.0,0.0,100,301,419,31,79
532,0.12,0.25,0.43,0.006,0.011,0.03,0.59,0.51,0.03,0.0,0.006,0.015,0.0,0.0,200,284,435,25,76
533,0.12,0.25,0.43,0.006,0.011,0.03,0.59,0.51,0.03,0.0,0.006,0.015,0.0,0.0,300,224,464,24,74
534,0.12,0.25,0.43,0.006,0.011,0.03,0.59,0.51,0.03,0.0,0.006,0.015,0.0,0.0,400,213,455,29,78
535,0.12,0.25,0.43,0.006,0.011,0.03,0.59,0.51,0.03,0.0,0.006,0.015,0.0,0.0,450,199,435,27,79
536,0.12,0.25,0.43,0.006,0.011,0.03,0.59,0.51,0.03,0.0,0.006,0.015,0.0,0.0,500,208,402,26,83
537,0.12,0.25,0.43,0.006,0.011,0.03,0.59,0.51,0.03,0.0,0.006,0.015,0.0,0.0,550,204,353,32,86
538,0.12,0.25,0.43,0.006,0.011,0.03,0.59,0.51,0.03,0.0,0.006,0.015,0.0,0.0,600,168,283,46,90
539,0.12,0.25,0.44,0.013,0.012,0.05,0.71,0.52,0.06,0.0,0.004,0.0058,0.0,0.0,27,255,470,30,65
540,0.12,0.25,0.44,0.013,0.012,0.05,0.71,0.52,0.06,0.0,0.004,0.0058,0.0,0.0,100,276,438,26,66
541,0.12,0.25,0.44,0.013,0.012,0.05,0.71,0.52,0.06,0.0,0.004,0.0058,0.0,0.0,200,258,520,19,49
542,0.12,0.25,0.44,0.013,0.012,0.05,0.71,0.52,0.06,0.0,0.004,0.0058,0.0,0.0,300,260,557,20,50
543,0.12,0.25,0.44,0.013,0.012,0.05,0.71,0.52,0.06,0.0,0.004,0.0058,0.0,0.0,400,226,530,25,62
544,0.12,0.25,0.44,0.013,0.012,0.05,0.71,0.52,0.06,0.0,0.004,0.0058,0.0,0.0,450,228,507,24,63
545,0.12,0.25,0.44,0.013,0.012,0.05,0.71,0.52,0.06,0.0,0.004,0.0058,0.0,0.0,500,218,471,25,69
546,0.12,0.25,0.44,0.013,0.012,0.05,0.71,0.52,0.06,0.0,0.004,0.0058,0.0,0.0,550,220,418,27,76
547,0.12,0.25,0.44,0.013,0.012,0.05,0.71,0.52,0.06,0.0,0.004,0.0058,0.0,0.0,600,203,330,36,81
548,0.12,0.24,0.47,0.008,0.011,0.04,0.71,0.49,0.06,0.0,0.006,0.013,0.0,0.0,27,275,480,33,75
549,0.12,0.24,0.47,0.008,0.011,0.04,0.71,0.49,0.06,0.0,0.006,0.013,0.0,0.0,100,255,441,29,76
550,0.12,0.24,0.47,0.008,0.011,0.04,0.71,0.49,0.06,0.0,0.006,0.013,0.0,0.0,200,270,522,21,64
551,0.12,0.24,0.47,0.008,0.011,0.04,0.71,0.49,0.06,0.0,0.006,0.013,0.0,0.0,300,264,575,23,60
552,0.12,0.24,0.47,0.008,0.011,0.04,0.71,0.49,0.06,0.0,0.006,0.013,0.0,0.0,400,246,556,26,64
553,0.12,0.24,0.47,0.008,0.011,0.04,0.71,0.49,0.06,0.0,0.006,0.013,0.0,0.0,450,229,521,25,67
554,0.12,0.24,0.47,0.008,0.011,0.04,0.71,0.49,0.06,0.0,0.006,0.013,0.0,0.0,500,232,474,25,73
555,0.12,0.24,0.47,0.008,0.011,0.04,0.71,0.49,0.06,0.0,0.006,0.013,0.0,0.0,550,224,416,27,81
556,0.12,0.24,0.47,0.008,0.011,0.04,0.71,0.49,0.06,0.0,0.006,0.013,0.0,0.0,600,198,313,47,88
557,0.15,0.26,0.45,0.012,0.006,0.033,0.58,0.49,0.04,0.0,0.006,0.0084,0.0,0.0,27,260,450,33,64
558,0.15,0.26,0.45,0.012,0.006,0.033,0.58,0.49,0.04,0.0,0.006,0.0084,0.0,0.0,100,261,418,32,65
559,0.15,0.26,0.45,0.012,0.006,0.033,0.58,0.49,0.04,0.0,0.006,0.0084,0.0,0.0,200,260,465,21,54
560,0.15,0.26,0.45,0.012,0.006,0.033,0.58,0.49,0.04,0.0,0.006,0.0084,0.0,0.0,300,192,492,21,57
561,0.15,0.26,0.45,0.012,0.006,0.033,0.58,0.49,0.04,0.0,0.006,0.0084,0.0,0.0,400,174,449,32,76
562,0.15,0.26,0.45,0.012,0.006,0.033,0.58,0.49,0.04,0.0,0.006,0.0084,0.0,0.0,450,178,424,30,81
563,0.15,0.26,0.45,0.012,0.006,0.033,0.58,0.49,0.04,0.0,0.006,0.0084,0.0,0.0,500,186,392,33,86
564,0.15,0.26,0.45,0.012,0.006,0.033,0.58,0.49,0.04,0.0,0.006,0.0084,0.0,0.0,550,178,337,37,88
565,0.15,0.26,0.45,0.012,0.006,0.033,0.58,0.49,0.04,0.0,0.006,0.0084,0.0,0.0,600,162,270,47,89
566,0.14,0.22,0.45,0.013,0.013,0.06,0.68,0.52,0.06,0.0,0.004,0.0062,0.0,0.0,27,250,470,33,65
567,0.14,0.22,0.45,0.013,0.013,0.06,0.68,0.52,0.06,0.0,0.004,0.0062,0.0,0.0,100,249,435,27,65
568,0.14,0.22,0.45,0.013,0.013,0.06,0.68,0.52,0.06,0.0,0.004,0.0062,0.0,0.0,200,251,522,19,52
569,0.14,0.22,0.45,0.013,0.013,0.06,0.68,0.52,0.06,0.0,0.004,0.0062,0.0,0.0,300,226,556,20,49
570,0.14,0.22,0.45,0.013,0.013,0.06,0.68,0.52,0.06,0.0,0.004,0.0062,0.0,0.0,400,254,524,25,60
571,0.14,0.22,0.45,0.013,0.013,0.06,0.68,0.52,0.06,0.0,0.004,0.0062,0.0,0.0,450,223,500,25,65
572,0.14,0.22,0.45,0.013,0.013,0.06,0.68,0.52,0.06,0.0,0.004,0.0062,0.0,0.0,500,207,462,27,71
573,0.14,0.22,0.45,0.013,0.013,0.06,0.68,0.52,0.06,0.0,0.004,0.0062,0.0,0.0,550,214,413,28,76
574,0.14,0.22,0.45,0.013,0.013,0.06,0.68,0.52,0.06,0.0,0.004,0.0062,0.0,0.0,600,202,328,41,82
575,0.15,0.21,0.42,0.015,0.011,0.06,0.66,0.52,0.07,0.0,0.004,0.0056,0.0,0.0,27,255,460,31,65
576,0.15,0.21,0.42,0.015,0.011,0.06,0.66,0.52,0.07,0.0,0.004,0.0056,0.0,0.0,100,221,411,26,63
577,0.15,0.21,0.42,0.015,0.011,0.06,0.66,0.52,0.07,0.0,0.004,0.0056,0.0,0.0,200,248,514,19,52
578,0.15,0.21,0.42,0.015,0.011,0.06,0.66,0.52,0.07,0.0,0.004,0.0056,0.0,0.0,300,223,544,20,50
579,0.15,0.21,0.42,0.015,0.011,0.06,0.66,0.52,0.07,0.0,0.004,0.0056,0.0,0.0,400,213,507,27,60
580,0.15,0.21,0.42,0.015,0.011,0.06,0.66,0.52,0.07,0.0,0.004,0.0056,0.0,0.0,450,202,486,26,64
581,0.15,0.21,0.42,0.015,0.011,0.06,0.66,0.52,0.07,0.0,0.004,0.0056,0.0,0.0,500,192,444,27,71
582,0.15,0.21,0.42,0.015,0.011,0.06,0.66,0.52,0.07,0.0,0.004,0.0056,0.0,0.0,550,203,395,31,78
583,0.15,0.21,0.42,0.015,0.011,0.06,0.66,0.52,0.07,0.0,0.004,0.0056,0.0,0.0,600,183,315,36,83
584,0.15,0.25,0.45,0.013,0.008,0.032,0.6,0.48,0.04,0.0,0.006,0.0082,0.0,0.0,27,265,450,33,66
585,0.15,0.25,0.45,0.013,0.008,0.032,0.6,0.48,0.04,0.0,0.006,0.0082,0.0,0.0,100,260,415,31,66
586,0.15,0.25,0.45,0.013,0.008,0.032,0.6,0.48,0.04,0.0,0.006,0.0082,0.0,0.0,200,254,448,22,59
587,0.15,0.25,0.45,0.013,0.008,0.032,0.6,0.48,0.04,0.0,0.006,0.0082,0.0,0.0,300,202,482,21,60
588,0.15,0.25,0.45,0.013,0.008,0.032,0.6,0.48,0.04,0.0,0.006,0.0082,0.0,0.0,400,180,452,31,75
589,0.15,0.25,0.45,0.013,0.008,0.032,0.6,0.48,0.04,0.0,0.006,0.0082,0.0,0.0,450,183,426,29,81
590,0.15,0.25,0.45,0.013,0.008,0.032,0.6,0.48,0.04,0.0,0.006,0.0082,0.0,0.0,500,172,385,33,85
591,0.15,0.25,0.45,0.013,0.008,0.032,0.6,0.48,0.04,0.0,0.006,0.0082,0.0,0.0,550,176,338,39,89
592,0.15,0.25,0.45,0.013,0.008,0.032,0.6,0.48,0.04,0.0,0.006,0.0082,0.0,0.0,600,160,269,46,89
593,0.17,0.39,0.6,0.022,0.02,0.11,1.31,1.02,0.11,0.28,0.004,0.0078,0.0,0.0,27,575,720,19,58
594,0.17,0.39,0.6,0.022,0.02,0.11,1.31,1.02,0.11,0.28,0.004,0.0078,0.0,0.0,100,532,666,17,50
595,0.17,0.39,0.6,0.022,0.02,0.11,1.31,1.02,0.11,0.28,0.004,0.0078,0.0,0.0,200,478,611,17,59
596,0.17,0.39,0.6,0.022,0.02,0.11,1.31,1.02,0.11,0.28,0.004,0.0078,0.0,0.0,300,499,644,15,46
597,0.17,0.39,0.6,0.022,0.02,0.11,1.31,1.02,0.11,0.28,0.004,0.0078,0.0,0.0,400,456,605,10,22
598,0.17,0.39,0.6,0.022,0.02,0.11,1.31,1.02,0.11,0.28,0.004,0.0078,0.0,0.0,450,437,567,18,57
599,0.17,0.39,0.6,0.022,0.02,0.11,1.31,1.02,0.11,0.28,0.004,0.0078,0.0,0.0,500,423,528,20,66
600,0.17,0.39,0.6,0.022,0.02,0.11,1.31,1.02,0.11,0.28,0.004,0.0078,0.0,0.0,550,428,492,17,54
601,0.17,0.39,0.6,0.022,0.02,0.11,1.31,1.02,0.11,0.28,0.004,0.0078,0.0,0.0,600,368,425,21,73
602,0.17,0.39,0.6,0.022,0.02,0.11,1.31,1.02,0.11,0.28,0.004,0.0078,0.0,0.0,650,259,330,29,88
603,0.16,0.47,0.62,0.01,0.01,0.19,1.01,0.92,0.15,0.24,0.003,0.0111,0.0,0.0,27,535,690,17,61
604,0.16,0.47,0.62,0.01,0.01,0.19,1.01,0.92,0.15,0.24,0.003,0.0111,0.0,0.0,100,521,661,17,62
605,0.16,0.47,0.62,0.01,0.01,0.19,1.01,0.92,0.15,0.24,0.003,0.0111,0.0,0.0,200,487,622,15,57
606,0.16,0.47,0.62,0.01,0.01,0.19,1.01,0.92,0.15,0.24,0.003,0.0111,0.0,0.0,300,491,626,13,52
607,0.16,0.47,0.62,0.01,0.01,0.19,1.01,0.92,0.15,0.24,0.003,0.0111,0.0,0.0,400,469,590,14,50
608,0.16,0.47,0.62,0.01,0.01,0.19,1.01,0.92,0.15,0.24,0.003,0.0111,0.0,0.0,450,449,566,16,54
609,0.16,0.47,0.62,0.01,0.01,0.19,1.01,0.92,0.15,0.24,0.003,0.0111,0.0,0.0,500,436,514,17,66
610,0.16,0.47,0.62,0.01,0.01,0.19,1.01,0.92,0.15,0.24,0.003,0.0111,0.0,0.0,550,382,449,18,72
611,0.16,0.47,0.62,0.01,0.01,0.19,1.01,0.92,0.15,0.24,0.003,0.0111,0.0,0.0,600,337,396,19,78
612,0.16,0.47,0.62,0.01,0.01,0.19,1.01,0.92,0.15,0.24,0.003,0.0111,0.0,0.0,650,261,339,23,86
613,0.14,0.34,0.73,0.01,0.009,0.13,1.06,0.96,0.08,0.23,0.003,0.0102,0.0,0.0,27,570,710,15,36
614,0.14,0.34,0.73,0.01,0.009,0.13,1.06,0.96,0.08,0.23,0.003,0.0102,0.0,0.0,100,570,678,13,37
615,0.14,0.34,0.73,0.01,0.009,0.13,1.06,0.96,0.08,0.23,0.003,0.0102,0.0,0.0,200,536,645,12,36
616,0.14,0.34,0.73,0.01,0.009,0.13,1.06,0.96,0.08,0.23,0.003,0.0102,0.0,0.0,300,506,626,13,34
617,0.14,0.34,0.73,0.01,0.009,0.13,1.06,0.96,0.08,0.23,0.003,0.0102,0.0,0.0,400,487,600,16,49
618,0.14,0.34,0.73,0.01,0.009,0.13,1.06,0.96,0.08,0.23,0.003,0.0102,0.0,0.0,450,462,554,16,55
619,0.14,0.34,0.73,0.01,0.009,0.13,1.06,0.96,0.08,0.23,0.003,0.0102,0.0,0.0,500,442,518,14,45
620,0.14,0.34,0.73,0.01,0.009,0.13,1.06,0.96,0.08,0.23,0.003,0.0102,0.0,0.0,550,403,462,20,75
621,0.14,0.34,0.73,0.01,0.009,0.13,1.06,0.96,0.08,0.23,0.003,0.0102,0.0,0.0,600,345,397,28,81
622,0.14,0.34,0.73,0.01,0.009,0.13,1.06,0.96,0.08,0.23,0.003,0.0102,0.0,0.0,650,283,352,22,82
623,0.18,0.37,0.66,0.018,0.017,0.1,1.07,1.03,0.12,0.3,0.02,0.0081,0.0,0.0,27,545,690,18,46
624,0.18,0.37,0.66,0.018,0.017,0.1,1.07,1.03,0.12,0.3,0.02,0.0081,0.0,0.0,100,584,716,13,47
625,0.18,0.37,0.66,0.018,0.017,0.1,1.07,1.03,0.12,0.3,0.02,0.0081,0.0,0.0,200,572,714,14,18
627,0.18,0.37,0.66,0.018,0.017,0.1,1.07,1.03,0.12,0.3,0.02,0.0081,0.0,0.0,400,482,629,16,50
628,0.18,0.37,0.66,0.018,0.017,0.1,1.07,1.03,0.12,0.3,0.02,0.0081,0.0,0.0,450,471,592,15,44
629,0.18,0.37,0.66,0.018,0.017,0.1,1.07,1.03,0.12,0.3,0.02,0.0081,0.0,0.0,500,444,546,17,62
630,0.18,0.37,0.66,0.018,0.017,0.1,1.07,1.03,0.12,0.3,0.02,0.0081,0.0,0.0,550,473,535,15,68
631,0.18,0.37,0.66,0.018,0.017,0.1,1.07,1.03,0.12,0.3,0.02,0.0081,0.0,0.0,600,359,416,19,77
632,0.18,0.37,0.66,0.018,0.017,0.1,1.07,1.03,0.12,0.3,0.02,0.0081,0.0,0.0,650,278,343,23,82
633,0.16,0.47,0.62,0.01,0.01,0.19,1.0,0.92,0.15,0.24,0.002,0.0104,0.0,0.0,27,515,680,16,50
634,0.16,0.47,0.62,0.01,0.01,0.19,1.0,0.92,0.15,0.24,0.002,0.0104,0.0,0.0,100,508,644,17,62
635,0.16,0.47,0.62,0.01,0.01,0.19,1.0,0.92,0.15,0.24,0.002,0.0104,0.0,0.0,200,494,623,14,40
636,0.16,0.47,0.62,0.01,0.01,0.19,1.0,0.92,0.15,0.24,0.002,0.0104,0.0,0.0,300,464,593,14,54
637,0.16,0.47,0.62,0.01,0.01,0.19,1.0,0.92,0.15,0.24,0.002,0.0104,0.0,0.0,400,440,580,15,53
638,0.16,0.47,0.62,0.01,0.01,0.19,1.0,0.92,0.15,0.24,0.002,0.0104,0.0,0.0,450,447,551,12,40
639,0.16,0.47,0.62,0.01,0.01,0.19,1.0,0.92,0.15,0.24,0.002,0.0104,0.0,0.0,500,421,504,16,58
640,0.16,0.47,0.62,0.01,0.01,0.19,1.0,0.92,0.15,0.24,0.002,0.0104,0.0,0.0,550,384,450,15,62
641,0.16,0.47,0.62,0.01,0.01,0.19,1.0,0.92,0.15,0.24,0.002,0.0104,0.0,0.0,600,335,389,17,77
642,0.16,0.47,0.62,0.01,0.01,0.19,1.0,0.92,0.15,0.24,0.002,0.0104,0.0,0.0,650,269,342,29,86
643,0.18,0.37,0.61,0.019,0.018,0.11,1.09,1.12,0.07,0.28,0.016,0.0064,0.0,0.0,27,650,790,16,49
644,0.18,0.37,0.61,0.019,0.018,0.11,1.09,1.12,0.07,0.28,0.016,0.0064,0.0,0.0,100,520,653,17,57
645,0.18,0.37,0.61,0.019,0.018,0.11,1.09,1.12,0.07,0.28,0.016,0.0064,0.0,0.0,200,516,644,15,51
646,0.18,0.37,0.61,0.019,0.018,0.11,1.09,1.12,0.07,0.28,0.016,0.0064,0.0,0.0,300,199,660,12,45
647,0.18,0.37,0.61,0.019,0.018,0.11,1.09,1.12,0.07,0.28,0.016,0.0064,0.0,0.0,400,530,655,14,42
648,0.18,0.37,0.61,0.019,0.018,0.11,1.09,1.12,0.07,0.28,0.016,0.0064,0.0,0.0,450,534,632,15,51
649,0.18,0.37,0.61,0.019,0.018,0.11,1.09,1.12,0.07,0.28,0.016,0.0064,0.0,0.0,500,440,540,13,51
650,0.18,0.37,0.61,0.019,0.018,0.11,1.09,1.12,0.07,0.28,0.016,0.0064,0.0,0.0,550,445,517,16,68
651,0.18,0.37,0.61,0.019,0.018,0.11,1.09,1.12,0.07,0.28,0.016,0.0064,0.0,0.0,600,403,466,19,74
652,0.18,0.37,0.61,0.019,0.018,0.11,1.09,1.12,0.07,0.28,0.016,0.0064,0.0,0.0,650,318,393,21,78
653,0.16,0.52,0.79,0.01,0.008,0.13,1.16,0.97,0.11,0.23,0.003,0.0106,0.0,0.0,27,570,720,17,62
654,0.16,0.52,0.79,0.01,0.008,0.13,1.16,0.97,0.11,0.23,0.003,0.0106,0.0,0.0,100,540,665,15,58
655,0.16,0.52,0.79,0.01,0.008,0.13,1.16,0.97,0.11,0.23,0.003,0.0106,0.0,0.0,200,522,638,13,40
656,0.16,0.52,0.79,0.01,0.008,0.13,1.16,0.97,0.11,0.23,0.003,0.0106,0.0,0.0,300,513,660,15,52
657,0.16,0.52,0.79,0.01,0.008,0.13,1.16,0.97,0.11,0.23,0.003,0.0106,0.0,0.0,400,499,632,18,53
658,0.16,0.52,0.79,0.01,0.008,0.13,1.16,0.97,0.11,0.23,0.003,0.0106,0.0,0.0,450,463,580,19,67
659,0.16,0.52,0.79,0.01,0.008,0.13,1.16,0.97,0.11,0.23,0.003,0.0106,0.0,0.0,500,453,535,19,70
660,0.16,0.52,0.79,0.01,0.008,0.13,1.16,0.97,0.11,0.23,0.003,0.0106,0.0,0.0,550,395,465,21,80
661,0.16,0.52,0.79,0.01,0.008,0.13,1.16,0.97,0.11,0.23,0.003,0.0106,0.0,0.0,600,338,405,26,84
662,0.16,0.52,0.79,0.01,0.008,0.13,1.16,0.97,0.11,0.23,0.003,0.0106,0.0,0.0,650,262,341,31,91
663,0.18,0.39,0.63,0.012,0.012,0.23,1.22,0.89,0.17,0.23,0.002,0.0103,0.0,0.0,27,525,680,19,64
664,0.18,0.39,0.63,0.012,0.012,0.23,1.22,0.89,0.17,0.23,0.002,0.0103,0.0,0.0,100,499,635,18,64
665,0.18,0.39,0.63,0.012,0.012,0.23,1.22,0.89,0.17,0.23,0.002,0.0103,0.0,0.0,200,162,603,18,61
666,0.18,0.39,0.63,0.012,0.012,0.23,1.22,0.89,0.17,0.23,0.002,0.0103,0.0,0.0,300,459,601,15,56
667,0.18,0.39,0.63,0.012,0.012,0.23,1.22,0.89,0.17,0.23,0.002,0.0103,0.0,0.0,400,473,587,14,51
668,0.18,0.39,0.63,0.012,0.012,0.23,1.22,0.89,0.17,0.23,0.002,0.0103,0.0,0.0,450,434,542,17,60
669,0.18,0.39,0.63,0.012,0.012,0.23,1.22,0.89,0.17,0.23,0.002,0.0103,0.0,0.0,500,411,498,16,66
670,0.18,0.39,0.63,0.012,0.012,0.23,1.22,0.89,0.17,0.23,0.002,0.0103,0.0,0.0,550,380,446,18,74
671,0.18,0.39,0.63,0.012,0.012,0.23,1.22,0.89,0.17,0.23,0.002,0.0103,0.0,0.0,600,323,386,25,81
672,0.18,0.39,0.63,0.012,0.012,0.23,1.22,0.89,0.17,0.23,0.002,0.0103,0.0,0.0,650,262,333,20,83
673,0.15,0.52,0.78,0.01,0.009,0.12,1.17,0.98,0.08,0.23,0.003,0.0106,0.0,0.0,27,555,680,20,69
674,0.15,0.52,0.78,0.01,0.009,0.12,1.17,0.98,0.08,0.23,0.003,0.0106,0.0,0.0,100,534,654,18,68
675,0.15,0.52,0.78,0.01,0.009,0.12,1.17,0.98,0.08,0.23,0.003,0.0106,0.0,0.0,200,501,619,18,70
676,0.15,0.52,0.78,0.01,0.009,0.12,1.17,0.98,0.08,0.23,0.003,0.0106,0.0,0.0,300,496,607,16,66
677,0.15,0.52,0.78,0.01,0.009,0.12,1.17,0.98,0.08,0.23,0.003,0.0106,0.0,0.0,400,480,582,18,68
678,0.15,0.52,0.78,0.01,0.009,0.12,1.17,0.98,0.08,0.23,0.003,0.0106,0.0,0.0,450,450,540,18,70
679,0.15,0.52,0.78,0.01,0.009,0.12,1.17,0.98,0.08,0.23,0.003,0.0106,0.0,0.0,500,433,505,19,75
680,0.15,0.52,0.78,0.01,0.009,0.12,1.17,0.98,0.08,0.23,0.003,0.0106,0.0,0.0,550,408,162,18,80
681,0.15,0.52,0.78,0.01,0.009,0.12,1.17,0.98,0.08,0.23,0.003,0.0106,0.0,0.0,600,344,397,25,87
682,0.15,0.52,0.78,0.01,0.009,0.12,1.17,0.98,0.08,0.23,0.003,0.0106,0.0,0.0,650,252,333,23,88
683,0.15,0.3,1.14,0.009,0.021,0.31,0.2,0.08,0.14,0.0,0.028,0.0082,0.42,0.0,27,468,592,25,73
684,0.15,0.3,1.14,0.009,0.021,0.31,0.2,0.08,0.14,0.0,0.028,0.0082,0.42,0.0,100,434,545,22,73
685,0.15,0.3,1.14,0.009,0.021,0.31,0.2,0.08,0.14,0.0,0.028,0.0082,0.42,0.0,200,439,557,21,70
686,0.15,0.3,1.14,0.009,0.021,0.31,0.2,0.08,0.14,0.0,0.028,0.0082,0.42,0.0,300,421,596,24,64
687,0.15,0.3,1.14,0.009,0.021,0.31,0.2,0.08,0.14,0.0,0.028,0.0082,0.42,0.0,350,403,566,28,69
688,0.15,0.3,1.14,0.009,0.021,0.31,0.2,0.08,0.14,0.0,0.028,0.0082,0.42,0.0,400,410,513,29,74
689,0.15,0.3,1.14,0.009,0.021,0.31,0.2,0.08,0.14,0.0,0.028,0.0082,0.42,0.0,450,350,457,27,77
690,0.15,0.3,1.14,0.009,0.021,0.31,0.2,0.08,0.14,0.0,0.028,0.0082,0.42,0.0,500,349,426,26,81
691,0.15,0.3,1.14,0.009,0.021,0.31,0.2,0.08,0.14,0.0,0.028,0.0082,0.42,0.0,550,271,344,29,74
692,0.15,0.3,1.14,0.009,0.021,0.31,0.2,0.08,0.14,0.0,0.028,0.0082,0.42,0.0,600,194,276,42,71
693,0.15,0.28,1.32,0.019,0.005,0.077,0.053,0.008,0.08,0.07,0.017,0.0066,0.401,0.0,27,483,625,22,65
694,0.15,0.28,1.32,0.019,0.005,0.077,0.053,0.008,0.08,0.07,0.017,0.0066,0.401,0.0,100,513,645,18,60
695,0.15,0.28,1.32,0.019,0.005,0.077,0.053,0.008,0.08,0.07,0.017,0.0066,0.401,0.0,200,450,623,19,61
696,0.15,0.28,1.32,0.019,0.005,0.077,0.053,0.008,0.08,0.07,0.017,0.0066,0.401,0.0,300,452,634,19,58
697,0.15,0.28,1.32,0.019,0.005,0.077,0.053,0.008,0.08,0.07,0.017,0.0066,0.401,0.0,350,436,614,24,67
698,0.15,0.28,1.32,0.019,0.005,0.077,0.053,0.008,0.08,0.07,0.017,0.0066,0.401,0.0,400,415,569,23,69
699,0.15,0.28,1.32,0.019,0.005,0.077,0.053,0.008,0.08,0.07,0.017,0.0066,0.401,0.0,450,375,490,27,74
700,0.15,0.28,1.32,0.019,0.005,0.077,0.053,0.008,0.08,0.07,0.017,0.0066,0.401,0.0,500,303,410,24,79
701,0.15,0.28,1.32,0.019,0.005,0.077,0.053,0.008,0.08,0.07,0.017,0.0066,0.401,0.0,550,264,363,32,80
702,0.15,0.28,1.32,0.019,0.005,0.077,0.053,0.008,0.08,0.07,0.017,0.0066,0.401,0.0,600,189,288,28,80
703,0.16,0.28,1.14,0.017,0.016,0.33,0.24,0.08,0.13,0.0,0.015,0.0067,0.437,0.0,27,590,692,21,68
704,0.16,0.28,1.14,0.017,0.016,0.33,0.24,0.08,0.13,0.0,0.015,0.0067,0.437,0.0,100,591,682,17,66
705,0.16,0.28,1.14,0.017,0.016,0.33,0.24,0.08,0.13,0.0,0.015,0.0067,0.437,0.0,200,570,670,17,64
706,0.16,0.28,1.14,0.017,0.016,0.33,0.24,0.08,0.13,0.0,0.015,0.0067,0.437,0.0,300,566,701,21,61
707,0.16,0.28,1.14,0.017,0.016,0.33,0.24,0.08,0.13,0.0,0.015,0.0067,0.437,0.0,350,526,659,23,66
708,0.16,0.28,1.14,0.017,0.016,0.33,0.24,0.08,0.13,0.0,0.015,0.0067,0.437,0.0,400,530,600,23,72
709,0.16,0.28,1.14,0.017,0.016,0.33,0.24,0.08,0.13,0.0,0.015,0.0067,0.437,0.0,450,467,543,20,76
710,0.16,0.28,1.14,0.017,0.016,0.33,0.24,0.08,0.13,0.0,0.015,0.0067,0.437,0.0,500,403,476,22,75
711,0.16,0.28,1.14,0.017,0.016,0.33,0.24,0.08,0.13,0.0,0.015,0.0067,0.437,0.0,550,288,387,20,68
712,0.16,0.28,1.14,0.017,0.016,0.33,0.24,0.08,0.13,0.0,0.015,0.0067,0.437,0.0,600,186,316,31,45
713,0.16,0.48,1.21,0.017,0.009,0.02,0.02,0.1,0.02,0.05,0.04,0.0028,0.414,0.0,27,574,698,20,71
714,0.16,0.48,1.21,0.017,0.009,0.02,0.02,0.1,0.02,0.05,0.04,0.0028,0.414,0.0,100,512,637,20,71
715,0.16,0.48,1.21,0.017,0.009,0.02,0.02,0.1,0.02,0.05,0.04,0.0028,0.414,0.0,200,513,641,19,70
716,0.16,0.48,1.21,0.017,0.009,0.02,0.02,0.1,0.02,0.05,0.04,0.0028,0.414,0.0,300,486,649,21,73
717,0.16,0.48,1.21,0.017,0.009,0.02,0.02,0.1,0.02,0.05,0.04,0.0028,0.414,0.0,350,461,630,23,78
718,0.16,0.48,1.21,0.017,0.009,0.02,0.02,0.1,0.02,0.05,0.04,0.0028,0.414,0.0,400,431,567,24,82
719,0.16,0.48,1.21,0.017,0.009,0.02,0.02,0.1,0.02,0.05,0.04,0.0028,0.414,0.0,450,424,535,23,82
720,0.16,0.48,1.21,0.017,0.009,0.02,0.02,0.1,0.02,0.05,0.04,0.0028,0.414,0.0,500,380,466,22,87
721,0.16,0.48,1.21,0.017,0.009,0.02,0.02,0.1,0.02,0.05,0.04,0.0028,0.414,0.0,550,326,412,25,88
722,0.16,0.48,1.21,0.017,0.009,0.02,0.02,0.1,0.02,0.05,0.04,0.0028,0.414,0.0,600,252,338,27,86
723,0.13,0.33,1.23,0.014,0.015,0.44,0.04,0.076,0.04,0.04,0.032,0.0074,0.389,0.0,27,515,629,24,71
724,0.13,0.33,1.23,0.014,0.015,0.44,0.04,0.076,0.04,0.04,0.032,0.0074,0.389,0.0,100,500,592,21,70
725,0.13,0.33,1.23,0.014,0.015,0.44,0.04,0.076,0.04,0.04,0.032,0.0074,0.389,0.0,200,473,589,21,69
726,0.13,0.33,1.23,0.014,0.015,0.44,0.04,0.076,0.04,0.04,0.032,0.0074,0.389,0.0,300,459,624,24,68
727,0.13,0.33,1.23,0.014,0.015,0.44,0.04,0.076,0.04,0.04,0.032,0.0074,0.389,0.0,350,446,595,26,72
728,0.13,0.33,1.23,0.014,0.015,0.44,0.04,0.076,0.04,0.04,0.032,0.0074,0.389,0.0,400,399,530,25,75
729,0.13,0.33,1.23,0.014,0.015,0.44,0.04,0.076,0.04,0.04,0.032,0.0074,0.389,0.0,450,395,487,26,81
730,0.13,0.33,1.23,0.014,0.015,0.44,0.04,0.076,0.04,0.04,0.032,0.0074,0.389,0.0,500,368,430,29,85
731,0.13,0.33,1.23,0.014,0.015,0.44,0.04,0.076,0.04,0.04,0.032,0.0074,0.389,0.0,550,298,367,33,84
732,0.13,0.33,1.23,0.014,0.015,0.44,0.04,0.076,0.04,0.04,0.032,0.0074,0.389,0.0,600,218,300,37,82
733,0.14,0.3,1.09,0.008,0.015,0.39,0.12,0.09,0.17,0.0,0.032,0.0098,0.39,0.0,27,451,578,25,71
734,0.14,0.3,1.09,0.008,0.015,0.39,0.12,0.09,0.17,0.0,0.032,0.0098,0.39,0.0,100,424,534,23,72
735,0.14,0.3,1.09,0.008,0.015,0.39,0.12,0.09,0.17,0.0,0.032,0.0098,0.39,0.0,200,411,533,21,68
736,0.14,0.3,1.09,0.008,0.015,0.39,0.12,0.09,0.17,0.0,0.032,0.0098,0.39,0.0,300,396,571,24,62
737,0.14,0.3,1.09,0.008,0.015,0.39,0.12,0.09,0.17,0.0,0.032,0.0098,0.39,0.0,350,397,551,29,70
738,0.14,0.3,1.09,0.008,0.015,0.39,0.12,0.09,0.17,0.0,0.032,0.0098,0.39,0.0,400,351,490,27,72
739,0.14,0.3,1.09,0.008,0.015,0.39,0.12,0.09,0.17,0.0,0.032,0.0098,0.39,0.0,450,342,432,27,73
740,0.14,0.3,1.09,0.008,0.015,0.39,0.12,0.09,0.17,0.0,0.032,0.0098,0.39,0.0,500,300,380,25,76
741,0.14,0.3,1.09,0.008,0.015,0.39,0.12,0.09,0.17,0.0,0.032,0.0098,0.39,0.0,550,248,321,35,78
742,0.14,0.3,1.09,0.008,0.015,0.39,0.12,0.09,0.17,0.0,0.032,0.0098,0.39,0.0,600,189,269,39,74
743,0.14,0.21,1.29,0.016,0.008,0.21,0.02,0.06,0.09,0.03,0.021,0.0065,0.39,0.0,27,476,604,20,70
744,0.14,0.21,1.29,0.016,0.008,0.21,0.02,0.06,0.09,0.03,0.021,0.0065,0.39,0.0,100,456,572,19,69
745,0.14,0.21,1.29,0.016,0.008,0.21,0.02,0.06,0.09,0.03,0.021,0.0065,0.39,0.0,200,443,578,19,66
746,0.14,0.21,1.29,0.016,0.008,0.21,0.02,0.06,0.09,0.03,0.021,0.0065,0.39,0.0,300,432,602,18,62
747,0.14,0.21,1.29,0.016,0.008,0.21,0.02,0.06,0.09,0.03,0.021,0.0065,0.39,0.0,350,409,582,21,66
748,0.14,0.21,1.29,0.016,0.008,0.21,0.02,0.06,0.09,0.03,0.021,0.0065,0.39,0.0,400,422,548,25,71
749,0.14,0.21,1.29,0.016,0.008,0.21,0.02,0.06,0.09,0.03,0.021,0.0065,0.39,0.0,450,403,495,27,74
750,0.14,0.21,1.29,0.016,0.008,0.21,0.02,0.06,0.09,0.03,0.021,0.0065,0.39,0.0,500,357,433,26,77
751,0.14,0.21,1.29,0.016,0.008,0.21,0.02,0.06,0.09,0.03,0.021,0.0065,0.39,0.0,550,299,374,31,80
752,0.14,0.21,1.29,0.016,0.008,0.21,0.02,0.06,0.09,0.03,0.021,0.0065,0.39,0.0,600,230,310,37,81
753,0.148,0.49,1.27,0.03,0.005,0.04,0.19,0.02,0.03,0.07,0.036,0.0065,0.429,0.0,27,514,612,25,79
754,0.148,0.49,1.27,0.03,0.005,0.04,0.19,0.02,0.03,0.07,0.036,0.0065,0.429,0.0,100,497,593,22,77
755,0.148,0.49,1.27,0.03,0.005,0.04,0.19,0.02,0.03,0.07,0.036,0.0065,0.429,0.0,200,511,599,20,76
756,0.148,0.49,1.27,0.03,0.005,0.04,0.19,0.02,0.03,0.07,0.036,0.0065,0.429,0.0,300,451,618,24,71
757,0.148,0.49,1.27,0.03,0.005,0.04,0.19,0.02,0.03,0.07,0.036,0.0065,0.429,0.0,350,459,602,26,76
758,0.148,0.49,1.27,0.03,0.005,0.04,0.19,0.02,0.03,0.07,0.036,0.0065,0.429,0.0,400,415,544,28,82
759,0.148,0.49,1.27,0.03,0.005,0.04,0.19,0.02,0.03,0.07,0.036,0.0065,0.429,0.0,450,388,491,30,84
760,0.148,0.49,1.27,0.03,0.005,0.04,0.19,0.02,0.03,0.07,0.036,0.0065,0.429,0.0,500,328,409,34,90
761,0.148,0.49,1.27,0.03,0.005,0.04,0.19,0.02,0.03,0.07,0.036,0.0065,0.429,0.0,550,249,333,36,90
762,0.148,0.49,1.27,0.03,0.005,0.04,0.19,0.02,0.03,0.07,0.036,0.0065,0.429,0.0,600,190,282,47,89
763,0.17,0.52,1.27,0.017,0.015,0.02,0.02,0.1,0.02,0.05,0.049,0.0026,0.436,0.0,27,623,736,19,70
764,0.17,0.52,1.27,0.017,0.015,0.02,0.02,0.1,0.02,0.05,0.049,0.0026,0.436,0.0,100,637,736,18,69
765,0.17,0.52,1.27,0.017,0.015,0.02,0.02,0.1,0.02,0.05,0.049,0.0026,0.436,0.0,200,594,712,18,67
766,0.17,0.52,1.27,0.017,0.015,0.02,0.02,0.1,0.02,0.05,0.049,0.0026,0.436,0.0,300,573,711,19,69
767,0.17,0.52,1.27,0.017,0.015,0.02,0.02,0.1,0.02,0.05,0.049,0.0026,0.436,0.0,350,517,660,20,76
768,0.17,0.52,1.27,0.017,0.015,0.02,0.02,0.1,0.02,0.05,0.049,0.0026,0.436,0.0,400,500,630,22,80
769,0.17,0.52,1.27,0.017,0.015,0.02,0.02,0.1,0.02,0.05,0.049,0.0026,0.436,0.0,450,483,576,19,81
770,0.17,0.52,1.27,0.017,0.015,0.02,0.02,0.1,0.02,0.05,0.049,0.0026,0.436,0.0,500,452,536,17,86
771,0.17,0.52,1.27,0.017,0.015,0.02,0.02,0.1,0.02,0.05,0.049,0.0026,0.436,0.0,550,368,464,22,87
772,0.17,0.52,1.27,0.017,0.015,0.02,0.02,0.1,0.02,0.05,0.049,0.0026,0.436,0.0,600,247,366,27,85
773,0.12,0.33,1.37,0.016,0.012,0.19,0.03,0.01,0.03,0.08,0.042,0.007,0.381,0.0,27,666,676,23,70
774,0.12,0.33,1.37,0.016,0.012,0.19,0.03,0.01,0.03,0.08,0.042,0.007,0.381,0.0,100,541,647,21,68
775,0.12,0.33,1.37,0.016,0.012,0.19,0.03,0.01,0.03,0.08,0.042,0.007,0.381,0.0,200,507,630,19,68
776,0.12,0.33,1.37,0.016,0.012,0.19,0.03,0.01,0.03,0.08,0.042,0.007,0.381,0.0,300,491,660,22,65
777,0.12,0.33,1.37,0.016,0.012,0.19,0.03,0.01,0.03,0.08,0.042,0.007,0.381,0.0,350,467,630,28,75
778,0.12,0.33,1.37,0.016,0.012,0.19,0.03,0.01,0.03,0.08,0.042,0.007,0.381,0.0,400,450,580,26,77
779,0.12,0.33,1.37,0.016,0.012,0.19,0.03,0.01,0.03,0.08,0.042,0.007,0.381,0.0,450,409,517,28,79
780,0.12,0.33,1.37,0.016,0.012,0.19,0.03,0.01,0.03,0.08,0.042,0.007,0.381,0.0,500,361,452,27,85
781,0.12,0.33,1.37,0.016,0.012,0.19,0.03,0.01,0.03,0.08,0.042,0.007,0.381,0.0,550,281,382,30,82
782,0.12,0.33,1.37,0.016,0.012,0.19,0.03,0.01,0.03,0.08,0.042,0.007,0.381,0.0,600,206,311,50,79
783,0.13,0.34,1.23,0.012,0.016,0.46,0.03,0.072,0.02,0.042,0.035,0.0065,0.387,0.0,27,533,636,24,72
784,0.13,0.34,1.23,0.012,0.016,0.46,0.03,0.072,0.02,0.042,0.035,0.0065,0.387,0.0,100,510,612,19,69
785,0.13,0.34,1.23,0.012,0.016,0.46,0.03,0.072,0.02,0.042,0.035,0.0065,0.387,0.0,200,482,602,19,67
786,0.13,0.34,1.23,0.012,0.016,0.46,0.03,0.072,0.02,0.042,0.035,0.0065,0.387,0.0,300,464,636,22,64
787,0.13,0.34,1.23,0.012,0.016,0.46,0.03,0.072,0.02,0.042,0.035,0.0065,0.387,0.0,350,437,609,27,76
788,0.13,0.34,1.23,0.012,0.016,0.46,0.03,0.072,0.02,0.042,0.035,0.0065,0.387,0.0,400,447,566,25,77
789,0.13,0.34,1.23,0.012,0.016,0.46,0.03,0.072,0.02,0.042,0.035,0.0065,0.387,0.0,450,396,496,26,83
790,0.13,0.34,1.23,0.012,0.016,0.46,0.03,0.072,0.02,0.042,0.035,0.0065,0.387,0.0,500,359,436,29,86
791,0.13,0.34,1.23,0.012,0.016,0.46,0.03,0.072,0.02,0.042,0.035,0.0065,0.387,0.0,550,301,376,33,85
792,0.13,0.34,1.23,0.012,0.016,0.46,0.03,0.072,0.02,0.042,0.035,0.0065,0.387,0.0,600,217,312,38,82
793,0.12,0.37,1.32,0.012,0.012,0.22,0.03,0.07,0.07,0.04,0.03,0.0064,0.387,0.0,27,455,571,28,75
794,0.12,0.37,1.32,0.012,0.012,0.22,0.03,0.07,0.07,0.04,0.03,0.0064,0.387,0.0,100,426,533,26,75
795,0.12,0.37,1.32,0.012,0.012,0.22,0.03,0.07,0.07,0.04,0.03,0.0064,0.387,0.0,200,394,530,23,72
796,0.12,0.37,1.32,0.012,0.012,0.22,0.03,0.07,0.07,0.04,0.03,0.0064,0.387,0.0,300,372,571,25,68
797,0.12,0.37,1.32,0.012,0.012,0.22,0.03,0.07,0.07,0.04,0.03,0.0064,0.387,0.0,350,357,562,30,74
798,0.12,0.37,1.32,0.012,0.012,0.22,0.03,0.07,0.07,0.04,0.03,0.0064,0.387,0.0,400,341,509,30,76
799,0.12,0.37,1.32,0.012,0.012,0.22,0.03,0.07,0.07,0.04,0.03,0.0064,0.387,0.0,450,321,450,32,78
800,0.12,0.37,1.32,0.012,0.012,0.22,0.03,0.07,0.07,0.04,0.03,0.0064,0.387,0.0,500,293,389,32,83
801,0.12,0.37,1.32,0.012,0.012,0.22,0.03,0.07,0.07,0.04,0.03,0.0064,0.387,0.0,550,244,326,39,85
802,0.12,0.37,1.32,0.012,0.012,0.22,0.03,0.07,0.07,0.04,0.03,0.0064,0.387,0.0,600,185,258,51,82
803,0.16,0.29,1.42,0.013,0.006,0.041,0.054,0.011,0.08,0.079,0.006,0.0048,0.429,0.0,27,501,630,24,72
804,0.16,0.29,1.42,0.013,0.006,0.041,0.054,0.011,0.08,0.079,0.006,0.0048,0.429,0.0,100,513,642,20,71
805,0.16,0.29,1.42,0.013,0.006,0.041,0.054,0.011,0.08,0.079,0.006,0.0048,0.429,0.0,200,482,636,20,70
806,0.16,0.29,1.42,0.013,0.006,0.041,0.054,0.011,0.08,0.079,0.006,0.0048,0.429,0.0,300,408,614,25,73
807,0.16,0.29,1.42,0.013,0.006,0.041,0.054,0.011,0.08,0.079,0.006,0.0048,0.429,0.0,350,451,623,25,75
808,0.16,0.29,1.42,0.013,0.006,0.041,0.054,0.011,0.08,0.079,0.006,0.0048,0.429,0.0,400,422,551,24,78
809,0.16,0.29,1.42,0.013,0.006,0.041,0.054,0.011,0.08,0.079,0.006,0.0048,0.429,0.0,450,388,505,27,81
810,0.16,0.29,1.42,0.013,0.006,0.041,0.054,0.011,0.08,0.079,0.006,0.0048,0.429,0.0,500,303,408,33,87
811,0.16,0.29,1.42,0.013,0.006,0.041,0.054,0.011,0.08,0.079,0.006,0.0048,0.429,0.0,550,251,343,27,89
812,0.16,0.29,1.42,0.013,0.006,0.041,0.054,0.011,0.08,0.079,0.006,0.0048,0.429,0.0,600,191,290,40,91
813,0.123,0.44,1.19,0.021,0.006,0.05,0.2,0.02,0.03,0.07,0.04,0.006,0.39,0.0,27,530,630,24,77
814,0.123,0.44,1.19,0.021,0.006,0.05,0.2,0.02,0.03,0.07,0.04,0.006,0.39,0.0,100,486,578,22,77
815,0.123,0.44,1.19,0.021,0.006,0.05,0.2,0.02,0.03,0.07,0.04,0.006,0.39,0.0,200,465,570,21,77
816,0.123,0.44,1.19,0.021,0.006,0.05,0.2,0.02,0.03,0.07,0.04,0.006,0.39,0.0,300,511,664,23,71
817,0.123,0.44,1.19,0.021,0.006,0.05,0.2,0.02,0.03,0.07,0.04,0.006,0.39,0.0,350,451,598,29,81
818,0.123,0.44,1.19,0.021,0.006,0.05,0.2,0.02,0.03,0.07,0.04,0.006,0.39,0.0,400,459,576,24,81
819,0.123,0.44,1.19,0.021,0.006,0.05,0.2,0.02,0.03,0.07,0.04,0.006,0.39,0.0,450,383,475,31,84
820,0.123,0.44,1.19,0.021,0.006,0.05,0.2,0.02,0.03,0.07,0.04,0.006,0.39,0.0,500,338,424,31,90
821,0.123,0.44,1.19,0.021,0.006,0.05,0.2,0.02,0.03,0.07,0.04,0.006,0.39,0.0,550,276,364,39,90
822,0.123,0.44,1.19,0.021,0.006,0.05,0.2,0.02,0.03,0.07,0.04,0.006,0.39,0.0,600,206,317,51,87
823,0.14,0.38,1.24,0.014,0.014,0.43,0.03,0.084,0.05,0.043,0.04,0.0066,0.403,0.0,27,539,648,24,72
824,0.14,0.38,1.24,0.014,0.014,0.43,0.03,0.084,0.05,0.043,0.04,0.0066,0.403,0.0,100,508,614,20,71
825,0.14,0.38,1.24,0.014,0.014,0.43,0.03,0.084,0.05,0.043,0.04,0.0066,0.403,0.0,200,497,609,19,70
826,0.14,0.38,1.24,0.014,0.014,0.43,0.03,0.084,0.05,0.043,0.04,0.0066,0.403,0.0,300,471,637,21,68
827,0.14,0.38,1.24,0.014,0.014,0.43,0.03,0.084,0.05,0.043,0.04,0.0066,0.403,0.0,350,447,609,25,75
828,0.14,0.38,1.24,0.014,0.014,0.43,0.03,0.084,0.05,0.043,0.04,0.0066,0.403,0.0,400,438,559,26,78
829,0.14,0.38,1.24,0.014,0.014,0.43,0.03,0.084,0.05,0.043,0.04,0.0066,0.403,0.0,450,403,503,23,79
830,0.14,0.38,1.24,0.014,0.014,0.43,0.03,0.084,0.05,0.043,0.04,0.0066,0.403,0.0,500,362,441,24,85
831,0.14,0.38,1.24,0.014,0.014,0.43,0.03,0.084,0.05,0.043,0.04,0.0066,0.403,0.0,550,313,378,25,85
832,0.14,0.38,1.24,0.014,0.014,0.43,0.03,0.084,0.05,0.043,0.04,0.0066,0.403,0.0,600,229,313,39,83
833,0.14,0.33,1.45,0.025,0.012,0.18,0.03,0.01,0.02,0.06,0.05,0.0051,0.412,0.0,27,513,660,22,71
834,0.14,0.33,1.45,0.025,0.012,0.18,0.03,0.01,0.02,0.06,0.05,0.0051,0.412,0.0,100,521,625,20,69
835,0.14,0.33,1.45,0.025,0.012,0.18,0.03,0.01,0.02,0.06,0.05,0.0051,0.412,0.0,200,500,616,20,65
836,0.14,0.33,1.45,0.025,0.012,0.18,0.03,0.01,0.02,0.06,0.05,0.0051,0.412,0.0,300,488,655,21,64
837,0.14,0.33,1.45,0.025,0.012,0.18,0.03,0.01,0.02,0.06,0.05,0.0051,0.412,0.0,350,469,630,25,71
838,0.14,0.33,1.45,0.025,0.012,0.18,0.03,0.01,0.02,0.06,0.05,0.0051,0.412,0.0,400,437,570,26,76
839,0.14,0.33,1.45,0.025,0.012,0.18,0.03,0.01,0.02,0.06,0.05,0.0051,0.412,0.0,450,402,509,27,82
840,0.14,0.33,1.45,0.025,0.012,0.18,0.03,0.01,0.02,0.06,0.05,0.0051,0.412,0.0,500,345,444,36,88
841,0.14,0.33,1.45,0.025,0.012,0.18,0.03,0.01,0.02,0.06,0.05,0.0051,0.412,0.0,550,278,367,36,89
842,0.14,0.33,1.45,0.025,0.012,0.18,0.03,0.01,0.02,0.06,0.05,0.0051,0.412,0.0,600,193,299,54,88
843,0.15,0.25,1.38,0.014,0.006,0.04,0.041,0.006,0.08,0.088,0.015,0.0076,0.407,0.0,27,483,618,23,71
844,0.15,0.25,1.38,0.014,0.006,0.04,0.041,0.006,0.08,0.088,0.015,0.0076,0.407,0.0,100,468,586,24,71
845,0.15,0.25,1.38,0.014,0.006,0.04,0.041,0.006,0.08,0.088,0.015,0.0076,0.407,0.0,200,411,585,22,68
846,0.15,0.25,1.38,0.014,0.006,0.04,0.041,0.006,0.08,0.088,0.015,0.0076,0.407,0.0,300,399,583,20,67
847,0.15,0.25,1.38,0.014,0.006,0.04,0.041,0.006,0.08,0.088,0.015,0.0076,0.407,0.0,350,395,573,24,68
848,0.15,0.25,1.38,0.014,0.006,0.04,0.041,0.006,0.08,0.088,0.015,0.0076,0.407,0.0,400,360,517,24,72
849,0.15,0.25,1.38,0.014,0.006,0.04,0.041,0.006,0.08,0.088,0.015,0.0076,0.407,0.0,450,312,442,28,75
850,0.15,0.25,1.38,0.014,0.006,0.04,0.041,0.006,0.08,0.088,0.015,0.0076,0.407,0.0,500,265,378,39,79
851,0.15,0.25,1.38,0.014,0.006,0.04,0.041,0.006,0.08,0.088,0.015,0.0076,0.407,0.0,550,229,330,39,78
852,0.15,0.25,1.38,0.014,0.006,0.04,0.041,0.006,0.08,0.088,0.015,0.0076,0.407,0.0,600,185,270,31,77
853,0.143,0.5,1.2,0.03,0.007,0.06,0.17,0.02,0.02,0.07,0.029,0.0068,0.409,0.0,27,488,601,27,77
854,0.143,0.5,1.2,0.03,0.007,0.06,0.17,0.02,0.02,0.07,0.029,0.0068,0.409,0.0,100,463,569,24,78
855,0.143,0.5,1.2,0.03,0.007,0.06,0.17,0.02,0.02,0.07,0.029,0.0068,0.409,0.0,200,445,585,22,72
856,0.143,0.5,1.2,0.03,0.007,0.06,0.17,0.02,0.02,0.07,0.029,0.0068,0.409,0.0,300,425,604,25,74
857,0.143,0.5,1.2,0.03,0.007,0.06,0.17,0.02,0.02,0.07,0.029,0.0068,0.409,0.0,350,420,599,28,76
858,0.143,0.5,1.2,0.03,0.007,0.06,0.17,0.02,0.02,0.07,0.029,0.0068,0.409,0.0,400,407,530,30,82
859,0.143,0.5,1.2,0.03,0.007,0.06,0.17,0.02,0.02,0.07,0.029,0.0068,0.409,0.0,450,356,468,32,84
860,0.143,0.5,1.2,0.03,0.007,0.06,0.17,0.02,0.02,0.07,0.029,0.0068,0.409,0.0,500,328,416,38,89
861,0.143,0.5,1.2,0.03,0.007,0.06,0.17,0.02,0.02,0.07,0.029,0.0068,0.409,0.0,550,256,328,46,91
862,0.143,0.5,1.2,0.03,0.007,0.06,0.17,0.02,0.02,0.07,0.029,0.0068,0.409,0.0,600,193,279,54,91
863,0.17,0.49,1.26,0.013,0.01,0.01,0.02,0.09,0.02,0.04,0.045,0.0025,0.429,0.0,27,537,672,22,71
864,0.17,0.49,1.26,0.013,0.01,0.01,0.02,0.09,0.02,0.04,0.045,0.0025,0.429,0.0,100,508,640,19,69
865,0.17,0.49,1.26,0.013,0.01,0.01,0.02,0.09,0.02,0.04,0.045,0.0025,0.429,0.0,200,532,666,18,68
866,0.17,0.49,1.26,0.013,0.01,0.01,0.02,0.09,0.02,0.04,0.045,0.0025,0.429,0.0,300,461,634,21,70
867,0.17,0.49,1.26,0.013,0.01,0.01,0.02,0.09,0.02,0.04,0.045,0.0025,0.429,0.0,350,465,632,26,80
868,0.17,0.49,1.26,0.013,0.01,0.01,0.02,0.09,0.02,0.04,0.045,0.0025,0.429,0.0,400,413,566,28,83
869,0.17,0.49,1.26,0.013,0.01,0.01,0.02,0.09,0.02,0.04,0.045,0.0025,0.429,0.0,450,411,519,24,83
870,0.17,0.49,1.26,0.013,0.01,0.01,0.02,0.09,0.02,0.04,0.045,0.0025,0.429,0.0,500,394,478,25,88
871,0.17,0.49,1.26,0.013,0.01,0.01,0.02,0.09,0.02,0.04,0.045,0.0025,0.429,0.0,550,335,415,24,87
872,0.17,0.49,1.26,0.013,0.01,0.01,0.02,0.09,0.02,0.04,0.045,0.0025,0.429,0.0,600,234,330,37,84
873,0.13,0.42,1.28,0.014,0.012,0.21,0.22,0.05,0.04,0.03,0.037,0.0072,0.424,0.0,27,476,603,27,76
874,0.13,0.42,1.28,0.014,0.012,0.21,0.22,0.05,0.04,0.03,0.037,0.0072,0.424,0.0,100,451,567,24,76
875,0.13,0.42,1.28,0.014,0.012,0.21,0.22,0.05,0.04,0.03,0.037,0.0072,0.424,0.0,200,426,569,24,74
876,0.13,0.42,1.28,0.014,0.012,0.21,0.22,0.05,0.04,0.03,0.037,0.0072,0.424,0.0,300,410,607,27,70
877,0.13,0.42,1.28,0.014,0.012,0.21,0.22,0.05,0.04,0.03,0.037,0.0072,0.424,0.0,350,391,580,29,75
878,0.13,0.42,1.28,0.014,0.012,0.21,0.22,0.05,0.04,0.03,0.037,0.0072,0.424,0.0,400,378,532,29,79
879,0.13,0.42,1.28,0.014,0.012,0.21,0.22,0.05,0.04,0.03,0.037,0.0072,0.424,0.0,450,359,473,30,82
880,0.13,0.42,1.28,0.014,0.012,0.21,0.22,0.05,0.04,0.03,0.037,0.0072,0.424,0.0,500,325,405,32,85
881,0.13,0.42,1.28,0.014,0.012,0.21,0.22,0.05,0.04,0.03,0.037,0.0072,0.424,0.0,550,253,341,38,84
882,0.13,0.42,1.28,0.014,0.012,0.21,0.22,0.05,0.04,0.03,0.037,0.0072,0.424,0.0,600,193,276,50,78
883,0.16,0.41,1.48,0.014,0.01,0.02,0.02,0.01,0.03,0.08,0.033,0.0079,0.436,0.0,27,577,693,20,62
884,0.16,0.41,1.48,0.014,0.01,0.02,0.02,0.01,0.03,0.08,0.033,0.0079,0.436,0.0,100,546,663,17,60
885,0.16,0.41,1.48,0.014,0.01,0.02,0.02,0.01,0.03,0.08,0.033,0.0079,0.436,0.0,200,542,679,18,60
886,0.16,0.41,1.48,0.014,0.01,0.02,0.02,0.01,0.03,0.08,0.033,0.0079,0.436,0.0,300,483,664,18,59
887,0.16,0.41,1.48,0.014,0.01,0.02,0.02,0.01,0.03,0.08,0.033,0.0079,0.436,0.0,350,487,655,25,66
888,0.16,0.41,1.48,0.014,0.01,0.02,0.02,0.01,0.03,0.08,0.033,0.0079,0.436,0.0,400,452,583,24,71
889,0.16,0.41,1.48,0.014,0.01,0.02,0.02,0.01,0.03,0.08,0.033,0.0079,0.436,0.0,450,404,513,25,78
890,0.16,0.41,1.48,0.014,0.01,0.02,0.02,0.01,0.03,0.08,0.033,0.0079,0.436,0.0,500,360,450,31,83
891,0.16,0.41,1.48,0.014,0.01,0.02,0.02,0.01,0.03,0.08,0.033,0.0079,0.436,0.0,550,27,375,38,81
892,0.16,0.41,1.48,0.014,0.01,0.02,0.02,0.01,0.03,0.08,0.033,0.0079,0.436,0.0,600,198,313,30,77
893,0.23,0.23,1.23,0.027,0.012,0.03,0.04,0.017,0.01,0.009,0.003,0.0111,0.0,0.0017,27,359,578,27,70
894,0.23,0.23,1.23,0.027,0.012,0.03,0.04,0.017,0.01,0.009,0.003,0.0111,0.0,0.0017,100,371,558,20,65
895,0.23,0.23,1.23,0.027,0.012,0.03,0.04,0.017,0.01,0.009,0.003,0.0111,0.0,0.0017,150,367,651,16,51
896,0.23,0.23,1.23,0.027,0.012,0.03,0.04,0.017,0.01,0.009,0.003,0.0111,0.0,0.0017,200,358,690,17,45
897,0.23,0.23,1.23,0.027,0.012,0.03,0.04,0.017,0.01,0.009,0.003,0.0111,0.0,0.0017,250,305,696,22,49
898,0.23,0.23,1.23,0.027,0.012,0.03,0.04,0.017,0.01,0.009,0.003,0.0111,0.0,0.0017,300,290,677,27,59
899,0.23,0.23,1.23,0.027,0.012,0.03,0.04,0.017,0.01,0.009,0.003,0.0111,0.0,0.0017,350,258,627,30,65
900,0.23,0.23,1.23,0.027,0.012,0.03,0.04,0.017,0.01,0.009,0.003,0.0111,0.0,0.0017,400,243,572,29,67
901,0.23,0.23,1.23,0.027,0.012,0.03,0.04,0.017,0.01,0.009,0.003,0.0111,0.0,0.0017,450,240,498,30,72
902,0.23,0.23,1.23,0.027,0.012,0.03,0.04,0.017,0.01,0.009,0.003,0.0111,0.0,0.0017,500,181,416,33,79
903,0.23,0.23,1.23,0.027,0.012,0.03,0.04,0.017,0.01,0.009,0.003,0.0111,0.0,0.0017,550,203,320,40,86
904,0.22,0.22,1.24,0.021,0.008,0.03,0.05,0.017,0.01,0.005,0.005,0.0116,0.0,0.0017,27,382,580,28,70
905,0.22,0.22,1.24,0.021,0.008,0.03,0.05,0.017,0.01,0.005,0.005,0.0116,0.0,0.0017,100,381,561,22,66
906,0.22,0.22,1.24,0.021,0.008,0.03,0.05,0.017,0.01,0.005,0.005,0.0116,0.0,0.0017,150,372,650,18,49
907,0.22,0.22,1.24,0.021,0.008,0.03,0.05,0.017,0.01,0.005,0.005,0.0116,0.0,0.0017,200,396,705,16,47
908,0.22,0.22,1.24,0.021,0.008,0.03,0.05,0.017,0.01,0.005,0.005,0.0116,0.0,0.0017,250,326,710,22,48
909,0.22,0.22,1.24,0.021,0.008,0.03,0.05,0.017,0.01,0.005,0.005,0.0116,0.0,0.0017,300,282,682,27,56
910,0.22,0.22,1.24,0.021,0.008,0.03,0.05,0.017,0.01,0.005,0.005,0.0116,0.0,0.0017,350,268,632,28,65
911,0.22,0.22,1.24,0.021,0.008,0.03,0.05,0.017,0.01,0.005,0.005,0.0116,0.0,0.0017,400,244,575,28,68
912,0.22,0.22,1.24,0.021,0.008,0.03,0.05,0.017,0.01,0.005,0.005,0.0116,0.0,0.0017,450,224,500,29,72
913,0.22,0.22,1.24,0.021,0.008,0.03,0.05,0.017,0.01,0.005,0.005,0.0116,0.0,0.0017,500,209,428,30,78
914,0.22,0.22,1.24,0.021,0.008,0.03,0.05,0.017,0.01,0.005,0.005,0.0116,0.0,0.0017,550,200,328,40,86
